battle_id,win,turns,damage_taken,final_hp
1,True,4,24,80
2,True,4,32,80
3,True,4,24,80
4,True,4,24,80
5,True,4,24,80
6,True,4,24,80
7,True,4,24,80
8,True,4,24,80
9,True,4,24,80
10,True,4,24,80
11,True,5,32,80
12,True,3,24,80
13,True,4,24,80
14,True,4,24,80
15,True,4,32,80
16,True,4,24,80
17,True,4,24,80
18,True,4,24,80
19,True,4,24,80
20,True,4,24,80
21,True,4,24,80
22,True,3,24,80
23,True,3,24,80
24,True,4,24,80
25,True,4,24,80
26,True,3,24,80
27,True,4,24,80
28,True,4,24,80
29,True,4,24,80
30,True,4,24,80
31,True,4,32,80
32,True,4,24,80
33,True,4,24,80
34,True,4,24,80
35,True,3,24,80
36,True,4,24,80
37,True,4,24,80
38,True,3,24,80
39,True,3,16,80
40,True,4,24,80
41,True,4,24,80
42,True,4,24,80
43,True,3,24,80
44,True,4,24,80
45,True,4,24,80
46,True,4,24,80
47,True,4,24,80
48,True,4,24,80
49,True,4,24,80
50,True,4,24,80
51,True,4,24,80
52,True,4,24,80
53,True,4,24,80
54,True,4,24,80
55,True,4,24,80
56,True,4,24,80
57,True,4,24,80
58,True,4,24,80
59,True,4,24,80
60,True,4,24,80
61,True,4,24,80
62,True,3,16,80
63,True,4,24,80
64,True,4,24,80
65,True,4,24,80
66,True,4,24,80
67,True,4,24,80
68,True,4,24,80
69,True,4,24,80
70,True,4,24,80
71,True,4,24,80
72,True,4,24,80
73,True,4,24,80
74,True,4,24,80
75,True,3,24,80
76,True,4,24,80
77,True,4,24,80
78,True,4,24,80
79,True,4,24,80
80,True,4,24,80
81,True,4,24,80
82,True,4,24,80
83,True,4,24,80
84,True,4,24,80
85,True,3,24,80
86,True,4,24,80
87,True,4,24,80
88,True,4,24,80
89,True,3,24,80
90,True,4,24,80
91,True,4,24,80
92,True,4,24,80
93,True,4,24,80
94,True,4,24,80
95,True,4,24,80
96,True,4,24,80
97,True,4,24,80
98,True,4,24,80
99,True,3,24,80
100,True,4,24,80
101,True,4,24,80
102,True,5,32,80
103,True,3,24,80
104,True,4,24,80
105,True,4,24,80
106,True,4,24,80
107,True,4,24,80
108,True,4,24,80
109,True,4,24,80
110,True,4,24,80
111,True,4,24,80
112,True,4,24,80
113,True,4,24,80
114,True,4,24,80
115,True,4,24,80
116,True,4,24,80
117,True,4,24,80
118,True,4,24,80
119,True,3,24,80
120,True,4,32,80
121,True,4,24,80
122,True,4,24,80
123,True,4,24,80
124,True,4,24,80
125,True,4,24,80
126,True,3,24,80
127,True,3,24,80
128,True,4,24,80
129,True,4,24,80
130,True,4,24,80
131,True,4,24,80
132,True,4,24,80
133,True,4,24,80
134,True,4,24,80
135,True,4,24,80
136,True,4,24,80
137,True,4,24,80
138,True,4,24,80
139,True,4,24,80
140,True,4,24,80
141,True,4,24,80
142,True,3,24,80
143,True,4,24,80
144,True,4,24,80
145,True,4,24,80
146,True,4,24,80
147,True,4,24,80
148,True,3,24,80
149,True,4,24,80
150,True,4,24,80
151,True,4,24,80
152,True,4,24,80
153,True,4,24,80
154,True,4,24,80
155,True,4,24,80
156,True,4,24,80
157,True,4,24,80
158,True,3,24,80
159,True,4,24,80
160,True,4,24,80
161,True,4,24,80
162,True,3,24,80
163,True,4,24,80
164,True,3,24,80
165,True,4,24,80
166,True,4,24,80
167,True,4,24,80
168,True,4,24,80
169,True,4,24,80
170,True,4,24,80
171,True,4,24,80
172,True,4,32,80
173,True,4,24,80
174,True,4,24,80
175,True,4,32,80
176,True,3,24,80
177,True,3,24,80
178,True,4,24,80
179,True,4,24,80
180,True,4,24,80
181,True,4,24,80
182,True,4,24,80
183,True,4,24,80
184,True,4,24,80
185,True,4,24,80
186,True,4,24,80
187,True,4,24,80
188,True,3,24,80
189,True,4,24,80
190,True,4,24,80
191,True,4,24,80
192,True,4,24,80
193,True,4,24,80
194,True,4,24,80
195,True,5,32,80
196,True,4,24,80
197,True,4,24,80
198,True,4,24,80
199,True,4,24,80
200,True,4,24,80
201,True,4,24,80
202,True,3,24,80
203,True,4,24,80
204,True,4,24,80
205,True,4,24,80
206,True,4,24,80
207,True,4,24,80
208,True,3,16,80
209,True,4,24,80
210,True,4,24,80
211,True,4,24,80
212,True,4,24,80
213,True,4,24,80
214,True,4,24,80
215,True,4,24,80
216,True,4,24,80
217,True,4,24,80
218,True,4,24,80
219,True,4,24,80
220,True,4,24,80
221,True,4,32,80
222,True,4,24,80
223,True,4,24,80
224,True,4,24,80
225,True,4,24,80
226,True,3,24,80
227,True,4,24,80
228,True,4,24,80
229,True,4,24,80
230,True,4,24,80
231,True,4,32,80
232,True,4,24,80
233,True,4,24,80
234,True,4,24,80
235,True,4,32,80
236,True,4,24,80
237,True,4,32,80
238,True,4,24,80
239,True,4,24,80
240,True,4,32,80
241,True,4,24,80
242,True,4,24,80
243,True,4,24,80
244,True,4,24,80
245,True,4,24,80
246,True,4,24,80
247,True,4,24,80
248,True,3,24,80
249,True,3,24,80
250,True,4,24,80
251,True,4,24,80
252,True,4,24,80
253,True,4,24,80
254,True,3,16,80
255,True,4,32,80
256,True,4,24,80
257,True,4,24,80
258,True,4,24,80
259,True,3,24,80
260,True,4,24,80
261,True,4,24,80
262,True,4,24,80
263,True,4,32,80
264,True,4,24,80
265,True,3,24,80
266,True,4,24,80
267,True,4,24,80
268,True,4,24,80
269,True,4,24,80
270,True,4,24,80
271,True,4,24,80
272,True,4,24,80
273,True,4,24,80
274,True,4,24,80
275,True,4,24,80
276,True,4,24,80
277,True,4,24,80
278,True,5,32,80
279,True,4,32,80
280,True,4,24,80
281,True,3,24,80
282,True,3,24,80
283,True,4,24,80
284,True,4,24,80
285,True,4,24,80
286,True,3,24,80
287,True,3,24,80
288,True,3,24,80
289,True,4,24,80
290,True,4,24,80
291,True,4,24,80
292,True,4,24,80
293,True,4,32,80
294,True,4,24,80
295,True,4,24,80
296,True,4,24,80
297,True,4,24,80
298,True,4,24,80
299,True,4,24,80
300,True,4,24,80
301,True,4,24,80
302,True,4,24,80
303,True,4,24,80
304,True,4,24,80
305,True,3,24,80
306,True,4,24,80
307,True,4,24,80
308,True,4,24,80
309,True,4,24,80
310,True,4,24,80
311,True,4,24,80
312,True,3,24,80
313,True,4,24,80
314,True,4,24,80
315,True,4,24,80
316,True,4,24,80
317,True,4,24,80
318,True,4,24,80
319,True,4,32,80
320,True,4,24,80
321,True,4,24,80
322,True,4,32,80
323,True,4,24,80
324,True,4,24,80
325,True,4,24,80
326,True,4,24,80
327,True,4,24,80
328,True,4,24,80
329,True,4,24,80
330,True,4,24,80
331,True,4,24,80
332,True,3,24,80
333,True,4,32,80
334,True,4,24,80
335,True,4,24,80
336,True,3,16,80
337,True,4,24,80
338,True,4,32,80
339,True,4,32,80
340,True,4,24,80
341,True,4,24,80
342,True,4,24,80
343,True,4,24,80
344,True,3,24,80
345,True,4,24,80
346,True,4,24,80
347,True,3,24,80
348,True,4,24,80
349,True,3,24,80
350,True,4,24,80
351,True,4,24,80
352,True,4,24,80
353,True,4,24,80
354,True,4,24,80
355,True,3,24,80
356,True,4,24,80
357,True,4,32,80
358,True,4,24,80
359,True,4,32,80
360,True,4,24,80
361,True,4,32,80
362,True,3,16,80
363,True,3,24,80
364,True,4,24,80
365,True,4,24,80
366,True,4,32,80
367,True,4,24,80
368,True,3,24,80
369,True,4,24,80
370,True,4,32,80
371,True,4,24,80
372,True,4,24,80
373,True,4,24,80
374,True,4,24,80
375,True,4,24,80
376,True,4,24,80
377,True,4,24,80
378,True,4,24,80
379,True,3,24,80
380,True,3,24,80
381,True,4,24,80
382,True,4,24,80
383,True,4,32,80
384,True,4,24,80
385,True,4,24,80
386,True,4,24,80
387,True,4,24,80
388,True,4,24,80
389,True,4,24,80
390,True,4,24,80
391,True,4,24,80
392,True,4,24,80
393,True,4,24,80
394,True,4,24,80
395,True,3,24,80
396,True,4,24,80
397,True,4,24,80
398,True,4,24,80
399,True,4,24,80
400,True,4,24,80
401,True,4,24,80
402,True,4,24,80
403,True,4,24,80
404,True,4,24,80
405,True,4,32,80
406,True,4,24,80
407,True,3,16,80
408,True,4,24,80
409,True,5,32,80
410,True,3,24,80
411,True,4,32,80
412,True,4,32,80
413,True,4,24,80
414,True,4,24,80
415,True,4,24,80
416,True,4,24,80
417,True,4,24,80
418,True,4,24,80
419,True,4,24,80
420,True,4,24,80
421,True,4,24,80
422,True,4,24,80
423,True,4,24,80
424,True,4,24,80
425,True,3,24,80
426,True,4,24,80
427,True,4,24,80
428,True,4,24,80
429,True,4,24,80
430,True,4,24,80
431,True,4,24,80
432,True,4,32,80
433,True,4,24,80
434,True,4,24,80
435,True,4,24,80
436,True,4,24,80
437,True,3,24,80
438,True,4,24,80
439,True,4,32,80
440,True,4,24,80
441,True,4,24,80
442,True,4,24,80
443,True,4,24,80
444,True,4,24,80
445,True,4,24,80
446,True,4,24,80
447,True,4,24,80
448,True,4,24,80
449,True,4,24,80
450,True,3,24,80
451,True,4,24,80
452,True,4,24,80
453,True,4,24,80
454,True,4,24,80
455,True,5,32,80
456,True,4,24,80
457,True,4,24,80
458,True,4,24,80
459,True,4,24,80
460,True,4,24,80
461,True,4,24,80
462,True,4,24,80
463,True,4,24,80
464,True,4,24,80
465,True,4,24,80
466,True,3,24,80
467,True,4,32,80
468,True,4,24,80
469,True,4,24,80
470,True,4,24,80
471,True,4,24,80
472,True,4,24,80
473,True,4,24,80
474,True,4,24,80
475,True,4,24,80
476,True,4,32,80
477,True,3,16,80
478,True,4,24,80
479,True,4,24,80
480,True,4,24,80
481,True,4,24,80
482,True,4,24,80
483,True,4,24,80
484,True,4,24,80
485,True,4,32,80
486,True,4,24,80
487,True,4,32,80
488,True,4,24,80
489,True,4,24,80
490,True,4,24,80
491,True,3,24,80
492,True,4,24,80
493,True,4,24,80
494,True,4,24,80
495,True,4,24,80
496,True,3,24,80
497,True,3,24,80
498,True,4,24,80
499,True,4,24,80
500,True,4,24,80
501,True,4,24,80
502,True,4,24,80
503,True,4,24,80
504,True,4,24,80
505,True,4,24,80
506,True,4,24,80
507,True,4,24,80
508,True,4,24,80
509,True,4,24,80
510,True,4,24,80
511,True,4,24,80
512,True,4,24,80
513,True,4,24,80
514,True,4,24,80
515,True,4,24,80
516,True,4,24,80
517,True,4,24,80
518,True,4,24,80
519,True,3,24,80
520,True,3,24,80
521,True,4,32,80
522,True,4,32,80
523,True,4,24,80
524,True,4,24,80
525,True,4,24,80
526,True,4,24,80
527,True,3,16,80
528,True,4,24,80
529,True,3,16,80
530,True,4,24,80
531,True,4,24,80
532,True,4,24,80
533,True,3,24,80
534,True,4,24,80
535,True,4,24,80
536,True,4,24,80
537,True,4,24,80
538,True,4,24,80
539,True,4,24,80
540,True,3,24,80
541,True,3,24,80
542,True,4,24,80
543,True,4,32,80
544,True,4,24,80
545,True,4,24,80
546,True,4,24,80
547,True,4,24,80
548,True,4,24,80
549,True,4,24,80
550,True,3,24,80
551,True,5,32,80
552,True,3,24,80
553,True,4,24,80
554,True,4,24,80
555,True,4,24,80
556,True,4,24,80
557,True,4,24,80
558,True,4,24,80
559,True,4,24,80
560,True,4,24,80
561,True,4,24,80
562,True,4,24,80
563,True,4,24,80
564,True,4,24,80
565,True,3,16,80
566,True,3,16,80
567,True,4,24,80
568,True,4,24,80
569,True,4,24,80
570,True,3,24,80
571,True,4,24,80
572,True,3,24,80
573,True,4,24,80
574,True,4,24,80
575,True,4,24,80
576,True,4,24,80
577,True,3,24,80
578,True,4,24,80
579,True,4,24,80
580,True,4,24,80
581,True,3,16,80
582,True,3,24,80
583,True,3,24,80
584,True,4,24,80
585,True,4,24,80
586,True,4,24,80
587,True,4,24,80
588,True,4,24,80
589,True,4,24,80
590,True,4,24,80
591,True,4,24,80
592,True,3,24,80
593,True,4,24,80
594,True,4,24,80
595,True,4,24,80
596,True,4,24,80
597,True,4,24,80
598,True,4,24,80
599,True,4,24,80
600,True,3,24,80
601,True,4,24,80
602,True,5,32,80
603,True,4,24,80
604,True,4,24,80
605,True,4,24,80
606,True,4,24,80
607,True,4,24,80
608,True,4,24,80
609,True,4,24,80
610,True,3,24,80
611,True,4,32,80
612,True,4,24,80
613,True,4,24,80
614,True,4,32,80
615,True,4,24,80
616,True,4,24,80
617,True,4,24,80
618,True,4,24,80
619,True,4,24,80
620,True,4,24,80
621,True,4,24,80
622,True,4,24,80
623,True,4,24,80
624,True,4,24,80
625,True,4,24,80
626,True,4,24,80
627,True,5,32,80
628,True,3,24,80
629,True,4,24,80
630,True,4,24,80
631,True,5,32,80
632,True,4,24,80
633,True,4,24,80
634,True,4,24,80
635,True,4,24,80
636,True,4,24,80
637,True,4,24,80
638,True,4,24,80
639,True,4,32,80
640,True,3,24,80
641,True,4,24,80
642,True,4,24,80
643,True,4,24,80
644,True,4,24,80
645,True,4,24,80
646,True,4,24,80
647,True,4,24,80
648,True,3,24,80
649,True,5,32,80
650,True,4,24,80
651,True,4,24,80
652,True,3,24,80
653,True,4,24,80
654,True,4,32,80
655,True,4,24,80
656,True,4,24,80
657,True,3,24,80
658,True,3,16,80
659,True,4,24,80
660,True,4,32,80
661,True,4,24,80
662,True,4,24,80
663,True,4,24,80
664,True,4,24,80
665,True,4,32,80
666,True,4,24,80
667,True,4,24,80
668,True,4,24,80
669,True,4,32,80
670,True,4,24,80
671,True,4,32,80
672,True,4,24,80
673,True,4,24,80
674,True,4,24,80
675,True,4,24,80
676,True,4,24,80
677,True,4,24,80
678,True,4,24,80
679,True,4,24,80
680,True,3,24,80
681,True,4,24,80
682,True,4,24,80
683,True,4,24,80
684,True,3,24,80
685,True,4,24,80
686,True,4,24,80
687,True,4,24,80
688,True,4,24,80
689,True,4,24,80
690,True,4,24,80
691,True,4,24,80
692,True,4,24,80
693,True,4,24,80
694,True,4,32,80
695,True,4,24,80
696,True,3,24,80
697,True,4,24,80
698,True,4,24,80
699,True,4,24,80
700,True,4,24,80
701,True,3,24,80
702,True,3,24,80
703,True,4,24,80
704,True,4,24,80
705,True,4,24,80
706,True,4,24,80
707,True,4,24,80
708,True,4,24,80
709,True,4,24,80
710,True,4,24,80
711,True,4,24,80
712,True,4,24,80
713,True,3,24,80
714,True,4,24,80
715,True,4,24,80
716,True,3,16,80
717,True,4,24,80
718,True,4,24,80
719,True,4,24,80
720,True,4,24,80
721,True,4,32,80
722,True,4,24,80
723,True,4,24,80
724,True,3,24,80
725,True,4,24,80
726,True,4,24,80
727,True,4,24,80
728,True,4,24,80
729,True,4,24,80
730,True,5,32,80
731,True,4,32,80
732,True,4,24,80
733,True,4,24,80
734,True,4,24,80
735,True,4,24,80
736,True,3,24,80
737,True,4,24,80
738,True,4,24,80
739,True,4,24,80
740,True,4,24,80
741,True,4,24,80
742,True,4,24,80
743,True,4,24,80
744,True,4,24,80
745,True,4,24,80
746,True,4,24,80
747,True,4,24,80
748,True,4,24,80
749,True,4,24,80
750,True,4,24,80
751,True,3,24,80
752,True,4,24,80
753,True,4,24,80
754,True,4,24,80
755,True,4,24,80
756,True,4,24,80
757,True,4,24,80
758,True,4,24,80
759,True,4,24,80
760,True,4,24,80
761,True,4,24,80
762,True,4,24,80
763,True,4,24,80
764,True,4,24,80
765,True,4,24,80
766,True,4,24,80
767,True,4,24,80
768,True,3,24,80
769,True,4,24,80
770,True,4,24,80
771,True,4,24,80
772,True,5,32,80
773,True,4,24,80
774,True,4,32,80
775,True,3,24,80
776,True,4,24,80
777,True,4,24,80
778,True,4,24,80
779,True,4,24,80
780,True,4,24,80
781,True,4,24,80
782,True,4,24,80
783,True,4,24,80
784,True,4,24,80
785,True,4,24,80
786,True,4,24,80
787,True,4,24,80
788,True,4,24,80
789,True,4,24,80
790,True,4,24,80
791,True,3,24,80
792,True,4,24,80
793,True,5,32,80
794,True,3,16,80
795,True,4,24,80
796,True,4,24,80
797,True,4,24,80
798,True,3,24,80
799,True,4,24,80
800,True,4,24,80
801,True,3,24,80
802,True,3,24,80
803,True,4,24,80
804,True,4,32,80
805,True,4,24,80
806,True,3,24,80
807,True,4,24,80
808,True,4,24,80
809,True,4,24,80
810,True,4,24,80
811,True,5,32,80
812,True,3,24,80
813,True,4,24,80
814,True,4,24,80
815,True,4,24,80
816,True,4,24,80
817,True,4,24,80
818,True,4,24,80
819,True,4,24,80
820,True,3,16,80
821,True,4,32,80
822,True,4,24,80
823,True,4,24,80
824,True,3,24,80
825,True,4,24,80
826,True,4,24,80
827,True,4,24,80
828,True,4,24,80
829,True,4,24,80
830,True,4,32,80
831,True,4,24,80
832,True,4,24,80
833,True,4,24,80
834,True,4,24,80
835,True,4,24,80
836,True,4,24,80
837,True,4,24,80
838,True,4,24,80
839,True,4,24,80
840,True,4,24,80
841,True,4,24,80
842,True,3,24,80
843,True,4,24,80
844,True,4,24,80
845,True,4,24,80
846,True,4,24,80
847,True,4,24,80
848,True,4,24,80
849,True,4,24,80
850,True,5,32,80
851,True,4,24,80
852,True,4,24,80
853,True,4,24,80
854,True,4,24,80
855,True,4,24,80
856,True,4,24,80
857,True,4,24,80
858,True,4,24,80
859,True,4,24,80
860,True,4,24,80
861,True,3,24,80
862,True,3,24,80
863,True,4,24,80
864,True,3,24,80
865,True,4,24,80
866,True,3,16,80
867,True,4,24,80
868,True,5,32,80
869,True,3,24,80
870,True,4,24,80
871,True,3,24,80
872,True,4,24,80
873,True,3,24,80
874,True,4,24,80
875,True,4,24,80
876,True,3,16,80
877,True,4,24,80
878,True,4,24,80
879,True,4,24,80
880,True,3,24,80
881,True,4,32,80
882,True,4,24,80
883,True,4,32,80
884,True,4,24,80
885,True,4,24,80
886,True,4,24,80
887,True,4,24,80
888,True,4,24,80
889,True,3,24,80
890,True,4,24,80
891,True,4,24,80
892,True,4,24,80
893,True,4,24,80
894,True,4,24,80
895,True,4,24,80
896,True,5,32,80
897,True,4,24,80
898,True,4,24,80
899,True,4,24,80
900,True,4,24,80
901,True,4,24,80
902,True,4,24,80
903,True,4,32,80
904,True,4,32,80
905,True,4,24,80
906,True,4,24,80
907,True,4,24,80
908,True,3,24,80
909,True,4,24,80
910,True,4,24,80
911,True,4,24,80
912,True,4,24,80
913,True,4,24,80
914,True,4,32,80
915,True,4,24,80
916,True,4,24,80
917,True,4,24,80
918,True,4,24,80
919,True,3,24,80
920,True,4,24,80
921,True,4,24,80
922,True,4,24,80
923,True,4,24,80
924,True,3,24,80
925,True,4,24,80
926,True,4,24,80
927,True,4,24,80
928,True,4,32,80
929,True,3,16,80
930,True,4,24,80
931,True,4,32,80
932,True,4,24,80
933,True,3,16,80
934,True,5,32,80
935,True,4,24,80
936,True,4,24,80
937,True,4,24,80
938,True,3,16,80
939,True,4,24,80
940,True,4,24,80
941,True,4,24,80
942,True,4,24,80
943,True,3,24,80
944,True,4,32,80
945,True,4,24,80
946,True,3,16,80
947,True,4,24,80
948,True,4,24,80
949,True,4,24,80
950,True,4,24,80
951,True,3,24,80
952,True,4,24,80
953,True,4,24,80
954,True,4,24,80
955,True,4,24,80
956,True,4,32,80
957,True,4,32,80
958,True,4,24,80
959,True,4,24,80
960,True,3,24,80
961,True,4,24,80
962,True,4,24,80
963,True,4,24,80
964,True,4,32,80
965,True,4,24,80
966,True,4,32,80
967,True,4,24,80
968,True,4,24,80
969,True,4,24,80
970,True,4,24,80
971,True,4,24,80
972,True,4,24,80
973,True,4,24,80
974,True,4,24,80
975,True,4,24,80
976,True,4,24,80
977,True,4,24,80
978,True,4,24,80
979,True,4,24,80
980,True,4,24,80
981,True,4,32,80
982,True,3,16,80
983,True,3,16,80
984,True,4,24,80
985,True,4,24,80
986,True,4,24,80
987,True,3,16,80
988,True,4,24,80
989,True,3,24,80
990,True,4,24,80
991,True,4,24,80
992,True,3,24,80
993,True,4,24,80
994,True,4,24,80
995,True,4,32,80
996,True,4,24,80
997,True,4,24,80
998,True,4,24,80
999,True,4,32,80
1000,True,4,32,80
1001,True,4,24,80
1002,True,3,16,80
1003,True,4,24,80
1004,True,4,24,80
1005,True,4,32,80
1006,True,4,24,80
1007,True,3,24,80
1008,True,4,24,80
1009,True,5,32,80
1010,True,4,24,80
1011,True,3,24,80
1012,True,4,24,80
1013,True,4,24,80
1014,True,4,24,80
1015,True,4,24,80
1016,True,3,24,80
1017,True,4,24,80
1018,True,4,24,80
1019,True,4,24,80
1020,True,4,24,80
1021,True,4,32,80
1022,True,4,24,80
1023,True,4,24,80
1024,True,4,24,80
1025,True,4,24,80
1026,True,4,24,80
1027,True,4,24,80
1028,True,4,24,80
1029,True,4,24,80
1030,True,4,24,80
1031,True,4,24,80
1032,True,4,24,80
1033,True,4,24,80
1034,True,4,24,80
1035,True,4,24,80
1036,True,4,24,80
1037,True,4,24,80
1038,True,3,24,80
1039,True,3,24,80
1040,True,4,24,80
1041,True,4,24,80
1042,True,4,24,80
1043,True,4,24,80
1044,True,4,24,80
1045,True,4,24,80
1046,True,4,24,80
1047,True,4,24,80
1048,True,4,24,80
1049,True,4,32,80
1050,True,4,24,80
1051,True,4,24,80
1052,True,4,24,80
1053,True,4,24,80
1054,True,4,24,80
1055,True,3,24,80
1056,True,4,24,80
1057,True,4,24,80
1058,True,3,24,80
1059,True,4,24,80
1060,True,4,24,80
1061,True,4,24,80
1062,True,4,24,80
1063,True,4,24,80
1064,True,4,32,80
1065,True,4,24,80
1066,True,4,24,80
1067,True,4,24,80
1068,True,4,24,80
1069,True,4,24,80
1070,True,4,24,80
1071,True,4,32,80
1072,True,4,24,80
1073,True,4,24,80
1074,True,4,24,80
1075,True,4,24,80
1076,True,4,24,80
1077,True,4,24,80
1078,True,4,24,80
1079,True,3,24,80
1080,True,4,24,80
1081,True,4,24,80
1082,True,4,24,80
1083,True,4,24,80
1084,True,3,16,80
1085,True,4,24,80
1086,True,4,24,80
1087,True,3,24,80
1088,True,4,24,80
1089,True,4,24,80
1090,True,4,24,80
1091,True,4,24,80
1092,True,4,24,80
1093,True,4,24,80
1094,True,4,24,80
1095,True,4,24,80
1096,True,4,24,80
1097,True,4,24,80
1098,True,4,24,80
1099,True,4,32,80
1100,True,4,24,80
1101,True,3,24,80
1102,True,4,24,80
1103,True,4,24,80
1104,True,4,24,80
1105,True,4,32,80
1106,True,4,24,80
1107,True,4,24,80
1108,True,4,24,80
1109,True,4,24,80
1110,True,4,24,80
1111,True,4,32,80
1112,True,4,24,80
1113,True,4,24,80
1114,True,4,24,80
1115,True,4,24,80
1116,True,4,24,80
1117,True,4,24,80
1118,True,4,24,80
1119,True,4,24,80
1120,True,4,24,80
1121,True,4,24,80
1122,True,3,24,80
1123,True,4,24,80
1124,True,4,24,80
1125,True,4,24,80
1126,True,3,24,80
1127,True,4,24,80
1128,True,4,24,80
1129,True,4,24,80
1130,True,4,24,80
1131,True,3,24,80
1132,True,4,24,80
1133,True,4,24,80
1134,True,3,16,80
1135,True,4,24,80
1136,True,4,24,80
1137,True,4,24,80
1138,True,4,24,80
1139,True,4,24,80
1140,True,4,24,80
1141,True,4,24,80
1142,True,4,24,80
1143,True,4,24,80
1144,True,4,24,80
1145,True,3,24,80
1146,True,4,32,80
1147,True,4,24,80
1148,True,3,24,80
1149,True,4,24,80
1150,True,4,24,80
1151,True,4,32,80
1152,True,4,32,80
1153,True,4,24,80
1154,True,4,24,80
1155,True,4,24,80
1156,True,3,24,80
1157,True,4,24,80
1158,True,4,24,80
1159,True,4,24,80
1160,True,4,24,80
1161,True,4,24,80
1162,True,4,24,80
1163,True,4,24,80
1164,True,4,24,80
1165,True,4,24,80
1166,True,4,24,80
1167,True,4,24,80
1168,True,4,24,80
1169,True,4,24,80
1170,True,4,32,80
1171,True,4,32,80
1172,True,4,24,80
1173,True,3,24,80
1174,True,3,24,80
1175,True,4,24,80
1176,True,4,24,80
1177,True,4,24,80
1178,True,4,24,80
1179,True,4,24,80
1180,True,4,24,80
1181,True,4,24,80
1182,True,4,24,80
1183,True,4,24,80
1184,True,4,24,80
1185,True,4,24,80
1186,True,4,24,80
1187,True,4,24,80
1188,True,4,24,80
1189,True,4,32,80
1190,True,4,24,80
1191,True,4,24,80
1192,True,4,24,80
1193,True,4,24,80
1194,True,4,24,80
1195,True,4,24,80
1196,True,4,32,80
1197,True,4,24,80
1198,True,4,24,80
1199,True,3,24,80
1200,True,3,24,80
1201,True,4,24,80
1202,True,4,24,80
1203,True,4,24,80
1204,True,4,32,80
1205,True,4,24,80
1206,True,4,24,80
1207,True,4,24,80
1208,True,3,24,80
1209,True,4,24,80
1210,True,4,24,80
1211,True,4,24,80
1212,True,4,24,80
1213,True,4,24,80
1214,True,4,24,80
1215,True,4,24,80
1216,True,4,24,80
1217,True,4,24,80
1218,True,3,24,80
1219,True,4,24,80
1220,True,4,24,80
1221,True,4,24,80
1222,True,4,32,80
1223,True,4,24,80
1224,True,4,24,80
1225,True,4,24,80
1226,True,4,24,80
1227,True,3,24,80
1228,True,4,24,80
1229,True,4,32,80
1230,True,4,24,80
1231,True,4,24,80
1232,True,4,24,80
1233,True,4,24,80
1234,True,4,24,80
1235,True,4,24,80
1236,True,4,24,80
1237,True,4,24,80
1238,True,4,24,80
1239,True,4,32,80
1240,True,4,24,80
1241,True,4,24,80
1242,True,4,24,80
1243,True,4,24,80
1244,True,3,24,80
1245,True,4,24,80
1246,True,4,32,80
1247,True,4,24,80
1248,True,4,24,80
1249,True,4,24,80
1250,True,4,24,80
1251,True,4,24,80
1252,True,4,24,80
1253,True,4,24,80
1254,True,4,24,80
1255,True,4,24,80
1256,True,4,24,80
1257,True,4,24,80
1258,True,5,32,80
1259,True,4,24,80
1260,True,4,24,80
1261,True,4,24,80
1262,True,4,24,80
1263,True,4,24,80
1264,True,4,24,80
1265,True,4,24,80
1266,True,4,24,80
1267,True,4,24,80
1268,True,4,24,80
1269,True,4,24,80
1270,True,3,16,80
1271,True,4,24,80
1272,True,4,24,80
1273,True,4,24,80
1274,True,4,24,80
1275,True,4,32,80
1276,True,4,24,80
1277,True,4,32,80
1278,True,4,24,80
1279,True,4,24,80
1280,True,4,32,80
1281,True,3,24,80
1282,True,4,24,80
1283,True,4,24,80
1284,True,3,24,80
1285,True,4,24,80
1286,True,4,24,80
1287,True,4,24,80
1288,True,4,24,80
1289,True,4,24,80
1290,True,3,24,80
1291,True,4,24,80
1292,True,4,24,80
1293,True,4,24,80
1294,True,4,24,80
1295,True,4,24,80
1296,True,3,24,80
1297,True,4,24,80
1298,True,4,24,80
1299,True,4,24,80
1300,True,4,24,80
1301,True,4,24,80
1302,True,5,32,80
1303,True,4,24,80
1304,True,4,24,80
1305,True,3,24,80
1306,True,4,24,80
1307,True,4,32,80
1308,True,3,24,80
1309,True,4,24,80
1310,True,4,24,80
1311,True,4,24,80
1312,True,4,32,80
1313,True,4,24,80
1314,True,4,24,80
1315,True,4,24,80
1316,True,4,24,80
1317,True,4,24,80
1318,True,4,24,80
1319,True,4,24,80
1320,True,4,24,80
1321,True,4,24,80
1322,True,4,24,80
1323,True,4,24,80
1324,True,4,32,80
1325,True,4,24,80
1326,True,5,32,80
1327,True,4,24,80
1328,True,4,24,80
1329,True,4,24,80
1330,True,4,24,80
1331,True,4,24,80
1332,True,4,24,80
1333,True,4,24,80
1334,True,4,24,80
1335,True,4,24,80
1336,True,4,24,80
1337,True,4,24,80
1338,True,4,24,80
1339,True,4,24,80
1340,True,3,24,80
1341,True,4,24,80
1342,True,5,32,80
1343,True,4,24,80
1344,True,4,24,80
1345,True,4,24,80
1346,True,4,24,80
1347,True,4,24,80
1348,True,4,24,80
1349,True,4,24,80
1350,True,4,24,80
1351,True,4,24,80
1352,True,4,24,80
1353,True,4,24,80
1354,True,4,32,80
1355,True,4,24,80
1356,True,4,24,80
1357,True,4,24,80
1358,True,4,24,80
1359,True,4,32,80
1360,True,4,24,80
1361,True,4,24,80
1362,True,4,24,80
1363,True,4,24,80
1364,True,4,24,80
1365,True,4,24,80
1366,True,4,32,80
1367,True,4,24,80
1368,True,4,24,80
1369,True,4,24,80
1370,True,5,32,80
1371,True,4,24,80
1372,True,3,24,80
1373,True,4,24,80
1374,True,3,16,80
1375,True,4,32,80
1376,True,4,24,80
1377,True,4,24,80
1378,True,4,24,80
1379,True,4,24,80
1380,True,4,24,80
1381,True,4,24,80
1382,True,4,24,80
1383,True,4,24,80
1384,True,4,24,80
1385,True,4,24,80
1386,True,4,24,80
1387,True,4,24,80
1388,True,4,24,80
1389,True,4,24,80
1390,True,4,24,80
1391,True,3,16,80
1392,True,4,32,80
1393,True,4,24,80
1394,True,4,24,80
1395,True,4,24,80
1396,True,4,24,80
1397,True,4,24,80
1398,True,4,24,80
1399,True,4,24,80
1400,True,4,24,80
1401,True,4,24,80
1402,True,4,24,80
1403,True,3,24,80
1404,True,4,32,80
1405,True,3,16,80
1406,True,4,24,80
1407,True,4,24,80
1408,True,4,24,80
1409,True,4,24,80
1410,True,3,16,80
1411,True,4,24,80
1412,True,4,24,80
1413,True,4,24,80
1414,True,4,24,80
1415,True,4,24,80
1416,True,4,24,80
1417,True,4,24,80
1418,True,4,24,80
1419,True,4,24,80
1420,True,5,32,80
1421,True,3,16,80
1422,True,4,24,80
1423,True,4,24,80
1424,True,4,24,80
1425,True,3,24,80
1426,True,4,24,80
1427,True,5,32,80
1428,True,3,24,80
1429,True,4,24,80
1430,True,4,24,80
1431,True,4,32,80
1432,True,4,24,80
1433,True,4,24,80
1434,True,3,16,80
1435,True,4,24,80
1436,True,4,24,80
1437,True,4,32,80
1438,True,4,24,80
1439,True,4,24,80
1440,True,4,24,80
1441,True,4,24,80
1442,True,4,24,80
1443,True,4,24,80
1444,True,4,24,80
1445,True,4,24,80
1446,True,4,24,80
1447,True,4,24,80
1448,True,4,24,80
1449,True,4,24,80
1450,True,4,24,80
1451,True,4,24,80
1452,True,4,24,80
1453,True,4,24,80
1454,True,4,24,80
1455,True,4,24,80
1456,True,4,24,80
1457,True,4,24,80
1458,True,5,32,80
1459,True,4,32,80
1460,True,4,24,80
1461,True,4,24,80
1462,True,4,24,80
1463,True,4,24,80
1464,True,4,24,80
1465,True,4,24,80
1466,True,4,24,80
1467,True,4,24,80
1468,True,4,24,80
1469,True,4,24,80
1470,True,3,16,80
1471,True,4,24,80
1472,True,4,24,80
1473,True,4,24,80
1474,True,4,24,80
1475,True,4,32,80
1476,True,4,24,80
1477,True,4,24,80
1478,True,4,24,80
1479,True,4,24,80
1480,True,4,24,80
1481,True,4,24,80
1482,True,3,24,80
1483,True,4,24,80
1484,True,3,16,80
1485,True,3,24,80
1486,True,4,24,80
1487,True,4,24,80
1488,True,4,24,80
1489,True,3,24,80
1490,True,4,32,80
1491,True,4,24,80
1492,True,4,24,80
1493,True,4,24,80
1494,True,3,24,80
1495,True,4,24,80
1496,True,4,24,80
1497,True,4,24,80
1498,True,4,24,80
1499,True,4,24,80
1500,True,4,24,80
1501,True,3,24,80
1502,True,3,24,80
1503,True,4,24,80
1504,True,4,24,80
1505,True,4,24,80
1506,True,4,24,80
1507,True,3,24,80
1508,True,4,24,80
1509,True,4,32,80
1510,True,5,32,80
1511,True,4,24,80
1512,True,4,24,80
1513,True,3,16,80
1514,True,4,24,80
1515,True,3,24,80
1516,True,4,24,80
1517,True,4,24,80
1518,True,4,24,80
1519,True,4,24,80
1520,True,4,24,80
1521,True,4,24,80
1522,True,3,24,80
1523,True,4,24,80
1524,True,4,24,80
1525,True,4,24,80
1526,True,4,24,80
1527,True,4,24,80
1528,True,4,24,80
1529,True,4,32,80
1530,True,4,32,80
1531,True,4,24,80
1532,True,4,24,80
1533,True,4,24,80
1534,True,4,24,80
1535,True,4,24,80
1536,True,4,24,80
1537,True,4,24,80
1538,True,4,24,80
1539,True,4,24,80
1540,True,4,32,80
1541,True,4,24,80
1542,True,4,32,80
1543,True,4,24,80
1544,True,5,32,80
1545,True,4,24,80
1546,True,3,24,80
1547,True,4,24,80
1548,True,4,24,80
1549,True,4,24,80
1550,True,4,24,80
1551,True,4,24,80
1552,True,4,24,80
1553,True,4,24,80
1554,True,4,24,80
1555,True,4,24,80
1556,True,4,24,80
1557,True,4,24,80
1558,True,4,24,80
1559,True,4,32,80
1560,True,4,24,80
1561,True,4,24,80
1562,True,4,24,80
1563,True,4,24,80
1564,True,4,24,80
1565,True,4,24,80
1566,True,4,24,80
1567,True,4,24,80
1568,True,5,32,80
1569,True,4,24,80
1570,True,4,24,80
1571,True,4,24,80
1572,True,4,24,80
1573,True,4,24,80
1574,True,4,24,80
1575,True,4,24,80
1576,True,4,24,80
1577,True,4,24,80
1578,True,4,24,80
1579,True,4,24,80
1580,True,4,24,80
1581,True,4,24,80
1582,True,4,24,80
1583,True,4,24,80
1584,True,4,32,80
1585,True,4,24,80
1586,True,4,24,80
1587,True,4,24,80
1588,True,3,24,80
1589,True,4,24,80
1590,True,4,24,80
1591,True,3,24,80
1592,True,4,24,80
1593,True,4,32,80
1594,True,4,24,80
1595,True,4,24,80
1596,True,4,24,80
1597,True,3,24,80
1598,True,4,24,80
1599,True,3,16,80
1600,True,4,24,80
1601,True,4,24,80
1602,True,4,24,80
1603,True,4,24,80
1604,True,4,24,80
1605,True,4,24,80
1606,True,4,24,80
1607,True,4,24,80
1608,True,4,24,80
1609,True,4,24,80
1610,True,4,24,80
1611,True,4,32,80
1612,True,4,24,80
1613,True,4,24,80
1614,True,3,24,80
1615,True,4,24,80
1616,True,4,24,80
1617,True,3,24,80
1618,True,4,24,80
1619,True,4,24,80
1620,True,4,24,80
1621,True,4,32,80
1622,True,4,24,80
1623,True,3,24,80
1624,True,4,24,80
1625,True,3,24,80
1626,True,4,24,80
1627,True,4,24,80
1628,True,4,24,80
1629,True,4,24,80
1630,True,3,24,80
1631,True,4,24,80
1632,True,4,24,80
1633,True,4,24,80
1634,True,3,24,80
1635,True,4,24,80
1636,True,4,24,80
1637,True,4,24,80
1638,True,4,24,80
1639,True,4,24,80
1640,True,4,24,80
1641,True,4,24,80
1642,True,4,24,80
1643,True,4,24,80
1644,True,4,24,80
1645,True,4,24,80
1646,True,4,24,80
1647,True,4,24,80
1648,True,4,32,80
1649,True,4,24,80
1650,True,4,24,80
1651,True,4,24,80
1652,True,4,24,80
1653,True,4,24,80
1654,True,3,24,80
1655,True,4,24,80
1656,True,4,24,80
1657,True,4,24,80
1658,True,4,24,80
1659,True,4,24,80
1660,True,4,24,80
1661,True,4,24,80
1662,True,3,24,80
1663,True,3,24,80
1664,True,4,24,80
1665,True,4,24,80
1666,True,4,24,80
1667,True,4,24,80
1668,True,4,32,80
1669,True,4,24,80
1670,True,4,24,80
1671,True,4,24,80
1672,True,4,24,80
1673,True,4,24,80
1674,True,4,24,80
1675,True,4,24,80
1676,True,4,24,80
1677,True,4,24,80
1678,True,4,24,80
1679,True,4,24,80
1680,True,4,24,80
1681,True,4,24,80
1682,True,3,24,80
1683,True,4,24,80
1684,True,4,24,80
1685,True,3,24,80
1686,True,4,24,80
1687,True,4,24,80
1688,True,4,24,80
1689,True,4,24,80
1690,True,4,24,80
1691,True,3,16,80
1692,True,3,24,80
1693,True,4,24,80
1694,True,4,32,80
1695,True,4,24,80
1696,True,4,24,80
1697,True,4,24,80
1698,True,4,24,80
1699,True,4,24,80
1700,True,4,24,80
1701,True,4,24,80
1702,True,4,24,80
1703,True,4,24,80
1704,True,4,32,80
1705,True,4,24,80
1706,True,4,24,80
1707,True,4,24,80
1708,True,4,24,80
1709,True,3,24,80
1710,True,4,24,80
1711,True,4,24,80
1712,True,4,24,80
1713,True,3,16,80
1714,True,4,24,80
1715,True,4,32,80
1716,True,4,24,80
1717,True,3,24,80
1718,True,4,24,80
1719,True,4,24,80
1720,True,4,24,80
1721,True,4,24,80
1722,True,4,24,80
1723,True,4,24,80
1724,True,4,24,80
1725,True,4,24,80
1726,True,4,24,80
1727,True,5,32,80
1728,True,4,24,80
1729,True,3,24,80
1730,True,4,24,80
1731,True,4,24,80
1732,True,5,32,80
1733,True,3,24,80
1734,True,4,24,80
1735,True,3,24,80
1736,True,4,24,80
1737,True,4,24,80
1738,True,4,24,80
1739,True,4,24,80
1740,True,4,24,80
1741,True,4,24,80
1742,True,4,24,80
1743,True,4,24,80
1744,True,4,24,80
1745,True,4,32,80
1746,True,4,24,80
1747,True,4,24,80
1748,True,4,32,80
1749,True,4,24,80
1750,True,4,24,80
1751,True,4,24,80
1752,True,4,24,80
1753,True,4,24,80
1754,True,4,32,80
1755,True,4,24,80
1756,True,4,24,80
1757,True,4,24,80
1758,True,4,24,80
1759,True,4,24,80
1760,True,4,24,80
1761,True,4,32,80
1762,True,3,24,80
1763,True,4,24,80
1764,True,4,24,80
1765,True,4,24,80
1766,True,4,24,80
1767,True,4,24,80
1768,True,4,24,80
1769,True,4,24,80
1770,True,4,24,80
1771,True,4,24,80
1772,True,4,24,80
1773,True,4,24,80
1774,True,4,24,80
1775,True,3,24,80
1776,True,4,24,80
1777,True,4,32,80
1778,True,4,24,80
1779,True,3,24,80
1780,True,4,24,80
1781,True,4,24,80
1782,True,4,24,80
1783,True,4,24,80
1784,True,4,32,80
1785,True,4,24,80
1786,True,4,24,80
1787,True,3,24,80
1788,True,4,24,80
1789,True,3,24,80
1790,True,4,24,80
1791,True,4,24,80
1792,True,4,24,80
1793,True,4,24,80
1794,True,4,24,80
1795,True,4,24,80
1796,True,4,24,80
1797,True,4,24,80
1798,True,4,24,80
1799,True,4,24,80
1800,True,4,24,80
1801,True,4,24,80
1802,True,4,24,80
1803,True,4,24,80
1804,True,4,24,80
1805,True,4,24,80
1806,True,4,32,80
1807,True,4,32,80
1808,True,4,24,80
1809,True,4,24,80
1810,True,4,24,80
1811,True,4,24,80
1812,True,4,24,80
1813,True,4,24,80
1814,True,3,24,80
1815,True,4,24,80
1816,True,3,24,80
1817,True,4,24,80
1818,True,4,24,80
1819,True,3,24,80
1820,True,4,24,80
1821,True,5,32,80
1822,True,4,24,80
1823,True,4,24,80
1824,True,4,32,80
1825,True,4,24,80
1826,True,4,24,80
1827,True,3,16,80
1828,True,4,24,80
1829,True,4,24,80
1830,True,4,24,80
1831,True,4,24,80
1832,True,4,24,80
1833,True,4,24,80
1834,True,4,24,80
1835,True,3,24,80
1836,True,4,24,80
1837,True,4,24,80
1838,True,4,24,80
1839,True,4,24,80
1840,True,4,24,80
1841,True,4,24,80
1842,True,4,24,80
1843,True,4,24,80
1844,True,4,24,80
1845,True,4,24,80
1846,True,3,16,80
1847,True,4,24,80
1848,True,4,24,80
1849,True,4,24,80
1850,True,4,24,80
1851,True,3,16,80
1852,True,4,24,80
1853,True,4,24,80
1854,True,4,24,80
1855,True,4,24,80
1856,True,4,24,80
1857,True,4,24,80
1858,True,4,24,80
1859,True,4,24,80
1860,True,4,24,80
1861,True,4,24,80
1862,True,4,24,80
1863,True,4,32,80
1864,True,5,32,80
1865,True,4,32,80
1866,True,4,24,80
1867,True,3,24,80
1868,True,4,24,80
1869,True,4,24,80
1870,True,4,24,80
1871,True,4,24,80
1872,True,4,32,80
1873,True,3,24,80
1874,True,4,24,80
1875,True,4,24,80
1876,True,4,24,80
1877,True,4,24,80
1878,True,3,16,80
1879,True,4,24,80
1880,True,4,24,80
1881,True,4,24,80
1882,True,4,24,80
1883,True,4,24,80
1884,True,4,24,80
1885,True,4,24,80
1886,True,4,24,80
1887,True,4,24,80
1888,True,4,24,80
1889,True,4,24,80
1890,True,4,24,80
1891,True,4,24,80
1892,True,4,32,80
1893,True,4,24,80
1894,True,4,24,80
1895,True,4,32,80
1896,True,4,24,80
1897,True,4,24,80
1898,True,4,24,80
1899,True,3,24,80
1900,True,4,24,80
1901,True,4,24,80
1902,True,4,24,80
1903,True,3,24,80
1904,True,4,24,80
1905,True,4,24,80
1906,True,4,24,80
1907,True,3,24,80
1908,True,4,24,80
1909,True,4,32,80
1910,True,3,16,80
1911,True,3,24,80
1912,True,4,24,80
1913,True,3,24,80
1914,True,4,24,80
1915,True,4,24,80
1916,True,4,24,80
1917,True,4,24,80
1918,True,4,32,80
1919,True,4,32,80
1920,True,4,24,80
1921,True,3,24,80
1922,True,4,24,80
1923,True,4,24,80
1924,True,4,24,80
1925,True,4,24,80
1926,True,4,24,80
1927,True,4,24,80
1928,True,3,16,80
1929,True,4,24,80
1930,True,4,24,80
1931,True,4,24,80
1932,True,3,24,80
1933,True,4,24,80
1934,True,4,24,80
1935,True,4,24,80
1936,True,4,32,80
1937,True,4,24,80
1938,True,4,24,80
1939,True,4,24,80
1940,True,4,24,80
1941,True,4,24,80
1942,True,4,24,80
1943,True,4,24,80
1944,True,3,16,80
1945,True,4,24,80
1946,True,3,24,80
1947,True,4,24,80
1948,True,4,24,80
1949,True,4,24,80
1950,True,4,24,80
1951,True,4,24,80
1952,True,4,24,80
1953,True,4,24,80
1954,True,4,24,80
1955,True,4,24,80
1956,True,4,24,80
1957,True,4,24,80
1958,True,3,16,80
1959,True,4,24,80
1960,True,4,24,80
1961,True,4,24,80
1962,True,3,16,80
1963,True,4,24,80
1964,True,4,24,80
1965,True,4,24,80
1966,True,4,24,80
1967,True,4,24,80
1968,True,4,24,80
1969,True,3,24,80
1970,True,4,24,80
1971,True,4,24,80
1972,True,4,24,80
1973,True,4,24,80
1974,True,4,24,80
1975,True,4,24,80
1976,True,4,24,80
1977,True,3,16,80
1978,True,4,24,80
1979,True,4,24,80
1980,True,4,32,80
1981,True,4,24,80
1982,True,3,24,80
1983,True,4,24,80
1984,True,4,24,80
1985,True,4,24,80
1986,True,3,24,80
1987,True,3,24,80
1988,True,4,24,80
1989,True,4,24,80
1990,True,4,24,80
1991,True,4,24,80
1992,True,4,24,80
1993,True,4,24,80
1994,True,4,24,80
1995,True,4,24,80
1996,True,4,24,80
1997,True,4,24,80
1998,True,4,24,80
1999,True,4,24,80
2000,True,4,24,80
2001,True,3,16,80
2002,True,4,24,80
2003,True,4,24,80
2004,True,4,24,80
2005,True,4,24,80
2006,True,4,24,80
2007,True,4,24,80
2008,True,4,24,80
2009,True,4,24,80
2010,True,4,24,80
2011,True,4,24,80
2012,True,4,24,80
2013,True,4,24,80
2014,True,4,32,80
2015,True,4,24,80
2016,True,3,16,80
2017,True,4,24,80
2018,True,4,24,80
2019,True,4,24,80
2020,True,4,24,80
2021,True,4,24,80
2022,True,4,24,80
2023,True,4,24,80
2024,True,4,24,80
2025,True,4,24,80
2026,True,4,24,80
2027,True,4,24,80
2028,True,4,32,80
2029,True,4,24,80
2030,True,4,32,80
2031,True,4,24,80
2032,True,4,24,80
2033,True,4,24,80
2034,True,4,24,80
2035,True,3,24,80
2036,True,4,24,80
2037,True,3,24,80
2038,True,4,24,80
2039,True,4,24,80
2040,True,4,24,80
2041,True,4,24,80
2042,True,4,24,80
2043,True,4,24,80
2044,True,4,24,80
2045,True,4,24,80
2046,True,4,24,80
2047,True,3,24,80
2048,True,4,24,80
2049,True,4,24,80
2050,True,4,24,80
2051,True,4,24,80
2052,True,4,24,80
2053,True,4,24,80
2054,True,3,16,80
2055,True,3,24,80
2056,True,4,24,80
2057,True,4,24,80
2058,True,4,24,80
2059,True,4,24,80
2060,True,5,32,80
2061,True,3,16,80
2062,True,3,24,80
2063,True,4,24,80
2064,True,4,24,80
2065,True,4,24,80
2066,True,4,24,80
2067,True,4,24,80
2068,True,4,24,80
2069,True,4,24,80
2070,True,4,24,80
2071,True,4,24,80
2072,True,4,24,80
2073,True,4,24,80
2074,True,4,24,80
2075,True,5,32,80
2076,True,4,24,80
2077,True,4,24,80
2078,True,4,24,80
2079,True,4,24,80
2080,True,4,24,80
2081,True,3,24,80
2082,True,3,24,80
2083,True,4,24,80
2084,True,4,24,80
2085,True,4,24,80
2086,True,4,24,80
2087,True,4,24,80
2088,True,4,24,80
2089,True,4,24,80
2090,True,4,32,80
2091,True,3,24,80
2092,True,5,32,80
2093,True,4,24,80
2094,True,4,24,80
2095,True,4,24,80
2096,True,4,24,80
2097,True,4,24,80
2098,True,4,24,80
2099,True,4,24,80
2100,True,4,24,80
2101,True,4,24,80
2102,True,4,24,80
2103,True,4,32,80
2104,True,4,24,80
2105,True,4,24,80
2106,True,4,24,80
2107,True,4,24,80
2108,True,4,24,80
2109,True,4,32,80
2110,True,4,24,80
2111,True,4,24,80
2112,True,3,24,80
2113,True,4,24,80
2114,True,4,24,80
2115,True,4,24,80
2116,True,4,24,80
2117,True,4,24,80
2118,True,4,32,80
2119,True,4,24,80
2120,True,4,24,80
2121,True,4,24,80
2122,True,4,24,80
2123,True,3,24,80
2124,True,4,24,80
2125,True,4,24,80
2126,True,4,24,80
2127,True,4,24,80
2128,True,3,24,80
2129,True,4,24,80
2130,True,4,24,80
2131,True,4,24,80
2132,True,4,24,80
2133,True,4,24,80
2134,True,4,24,80
2135,True,4,24,80
2136,True,4,24,80
2137,True,3,24,80
2138,True,4,24,80
2139,True,4,24,80
2140,True,5,32,80
2141,True,4,24,80
2142,True,4,24,80
2143,True,4,32,80
2144,True,4,24,80
2145,True,4,24,80
2146,True,4,24,80
2147,True,4,24,80
2148,True,4,24,80
2149,True,4,32,80
2150,True,4,24,80
2151,True,4,24,80
2152,True,4,24,80
2153,True,4,24,80
2154,True,4,24,80
2155,True,4,24,80
2156,True,4,24,80
2157,True,4,24,80
2158,True,4,32,80
2159,True,4,24,80
2160,True,4,24,80
2161,True,4,24,80
2162,True,4,24,80
2163,True,4,24,80
2164,True,4,24,80
2165,True,4,24,80
2166,True,4,24,80
2167,True,4,24,80
2168,True,4,24,80
2169,True,4,24,80
2170,True,4,24,80
2171,True,4,24,80
2172,True,4,24,80
2173,True,4,24,80
2174,True,4,24,80
2175,True,4,24,80
2176,True,5,32,80
2177,True,3,24,80
2178,True,3,24,80
2179,True,4,24,80
2180,True,4,24,80
2181,True,4,24,80
2182,True,4,24,80
2183,True,4,24,80
2184,True,4,24,80
2185,True,4,24,80
2186,True,4,24,80
2187,True,4,24,80
2188,True,4,24,80
2189,True,4,32,80
2190,True,4,24,80
2191,True,4,24,80
2192,True,4,24,80
2193,True,4,24,80
2194,True,3,24,80
2195,True,4,24,80
2196,True,3,24,80
2197,True,4,24,80
2198,True,4,24,80
2199,True,3,24,80
2200,True,4,24,80
2201,True,3,24,80
2202,True,4,24,80
2203,True,4,24,80
2204,True,4,24,80
2205,True,4,24,80
2206,True,4,24,80
2207,True,4,24,80
2208,True,3,24,80
2209,True,4,24,80
2210,True,4,24,80
2211,True,4,24,80
2212,True,4,24,80
2213,True,4,32,80
2214,True,3,24,80
2215,True,4,24,80
2216,True,4,24,80
2217,True,4,24,80
2218,True,4,24,80
2219,True,4,24,80
2220,True,4,24,80
2221,True,4,24,80
2222,True,4,24,80
2223,True,4,24,80
2224,True,4,24,80
2225,True,4,24,80
2226,True,4,24,80
2227,True,4,24,80
2228,True,4,24,80
2229,True,4,24,80
2230,True,4,24,80
2231,True,4,24,80
2232,True,4,24,80
2233,True,4,32,80
2234,True,3,24,80
2235,True,4,24,80
2236,True,4,24,80
2237,True,4,24,80
2238,True,4,24,80
2239,True,4,24,80
2240,True,4,24,80
2241,True,4,24,80
2242,True,3,24,80
2243,True,4,24,80
2244,True,4,24,80
2245,True,4,24,80
2246,True,4,24,80
2247,True,5,32,80
2248,True,5,32,80
2249,True,3,24,80
2250,True,4,24,80
2251,True,5,32,80
2252,True,4,24,80
2253,True,4,24,80
2254,True,4,24,80
2255,True,4,24,80
2256,True,4,32,80
2257,True,4,24,80
2258,True,4,24,80
2259,True,4,24,80
2260,True,4,24,80
2261,True,4,24,80
2262,True,4,24,80
2263,True,4,24,80
2264,True,5,32,80
2265,True,4,24,80
2266,True,4,24,80
2267,True,4,24,80
2268,True,4,24,80
2269,True,4,24,80
2270,True,4,32,80
2271,True,4,24,80
2272,True,4,24,80
2273,True,4,24,80
2274,True,3,24,80
2275,True,4,24,80
2276,True,4,24,80
2277,True,3,16,80
2278,True,4,24,80
2279,True,4,32,80
2280,True,3,24,80
2281,True,4,24,80
2282,True,4,24,80
2283,True,3,24,80
2284,True,4,32,80
2285,True,4,32,80
2286,True,4,24,80
2287,True,4,24,80
2288,True,4,24,80
2289,True,4,24,80
2290,True,4,24,80
2291,True,5,32,80
2292,True,4,24,80
2293,True,4,24,80
2294,True,4,24,80
2295,True,4,24,80
2296,True,4,24,80
2297,True,4,24,80
2298,True,4,24,80
2299,True,4,24,80
2300,True,4,24,80
2301,True,4,24,80
2302,True,4,24,80
2303,True,4,24,80
2304,True,4,24,80
2305,True,4,24,80
2306,True,4,24,80
2307,True,4,24,80
2308,True,4,24,80
2309,True,4,24,80
2310,True,4,24,80
2311,True,4,24,80
2312,True,4,24,80
2313,True,4,24,80
2314,True,4,24,80
2315,True,4,32,80
2316,True,4,24,80
2317,True,4,24,80
2318,True,4,24,80
2319,True,5,32,80
2320,True,4,24,80
2321,True,4,24,80
2322,True,4,24,80
2323,True,4,24,80
2324,True,4,24,80
2325,True,4,24,80
2326,True,4,24,80
2327,True,3,24,80
2328,True,4,24,80
2329,True,4,24,80
2330,True,4,24,80
2331,True,4,24,80
2332,True,4,24,80
2333,True,4,24,80
2334,True,3,16,80
2335,True,4,24,80
2336,True,4,24,80
2337,True,4,24,80
2338,True,4,24,80
2339,True,4,24,80
2340,True,4,24,80
2341,True,4,24,80
2342,True,4,24,80
2343,True,4,24,80
2344,True,3,24,80
2345,True,4,24,80
2346,True,4,32,80
2347,True,4,24,80
2348,True,3,24,80
2349,True,4,24,80
2350,True,3,24,80
2351,True,4,24,80
2352,True,4,24,80
2353,True,4,24,80
2354,True,4,24,80
2355,True,4,24,80
2356,True,4,24,80
2357,True,4,24,80
2358,True,4,24,80
2359,True,4,24,80
2360,True,4,24,80
2361,True,4,24,80
2362,True,4,32,80
2363,True,4,24,80
2364,True,4,24,80
2365,True,4,32,80
2366,True,4,24,80
2367,True,4,24,80
2368,True,4,24,80
2369,True,4,24,80
2370,True,3,24,80
2371,True,4,24,80
2372,True,4,32,80
2373,True,4,24,80
2374,True,3,24,80
2375,True,4,24,80
2376,True,4,24,80
2377,True,4,24,80
2378,True,4,24,80
2379,True,3,24,80
2380,True,4,24,80
2381,True,4,32,80
2382,True,4,24,80
2383,True,4,24,80
2384,True,4,32,80
2385,True,4,24,80
2386,True,4,24,80
2387,True,3,24,80
2388,True,5,32,80
2389,True,4,24,80
2390,True,4,24,80
2391,True,4,24,80
2392,True,3,24,80
2393,True,4,24,80
2394,True,3,16,80
2395,True,4,24,80
2396,True,4,24,80
2397,True,4,24,80
2398,True,4,24,80
2399,True,4,24,80
2400,True,4,24,80
2401,True,4,24,80
2402,True,4,24,80
2403,True,4,24,80
2404,True,4,24,80
2405,True,4,32,80
2406,True,4,24,80
2407,True,4,24,80
2408,True,4,24,80
2409,True,4,24,80
2410,True,4,24,80
2411,True,4,24,80
2412,True,4,32,80
2413,True,4,32,80
2414,True,4,24,80
2415,True,4,24,80
2416,True,5,32,80
2417,True,4,24,80
2418,True,4,24,80
2419,True,4,32,80
2420,True,4,24,80
2421,True,4,24,80
2422,True,4,24,80
2423,True,4,24,80
2424,True,3,24,80
2425,True,5,32,80
2426,True,4,24,80
2427,True,4,24,80
2428,True,4,32,80
2429,True,4,24,80
2430,True,4,24,80
2431,True,3,24,80
2432,True,4,24,80
2433,True,4,24,80
2434,True,4,24,80
2435,True,4,24,80
2436,True,4,24,80
2437,True,3,24,80
2438,True,4,24,80
2439,True,4,24,80
2440,True,3,24,80
2441,True,4,24,80
2442,True,4,32,80
2443,True,3,24,80
2444,True,4,24,80
2445,True,3,24,80
2446,True,4,24,80
2447,True,4,24,80
2448,True,4,24,80
2449,True,4,24,80
2450,True,4,24,80
2451,True,4,32,80
2452,True,4,24,80
2453,True,4,24,80
2454,True,4,24,80
2455,True,4,32,80
2456,True,4,24,80
2457,True,4,24,80
2458,True,3,24,80
2459,True,4,24,80
2460,True,4,24,80
2461,True,4,32,80
2462,True,4,24,80
2463,True,4,24,80
2464,True,4,24,80
2465,True,4,24,80
2466,True,3,24,80
2467,True,3,24,80
2468,True,4,24,80
2469,True,4,24,80
2470,True,3,24,80
2471,True,4,24,80
2472,True,4,24,80
2473,True,4,24,80
2474,True,4,24,80
2475,True,4,24,80
2476,True,4,24,80
2477,True,4,24,80
2478,True,3,24,80
2479,True,4,24,80
2480,True,4,24,80
2481,True,4,32,80
2482,True,4,24,80
2483,True,4,24,80
2484,True,4,24,80
2485,True,5,32,80
2486,True,4,24,80
2487,True,4,24,80
2488,True,4,24,80
2489,True,3,24,80
2490,True,4,24,80
2491,True,4,32,80
2492,True,4,24,80
2493,True,4,24,80
2494,True,4,24,80
2495,True,4,24,80
2496,True,4,32,80
2497,True,4,32,80
2498,True,4,24,80
2499,True,4,32,80
2500,True,3,24,80
2501,True,4,24,80
2502,True,4,32,80
2503,True,4,24,80
2504,True,4,24,80
2505,True,4,24,80
2506,True,4,24,80
2507,True,3,24,80
2508,True,4,24,80
2509,True,4,32,80
2510,True,4,24,80
2511,True,3,24,80
2512,True,3,24,80
2513,True,4,24,80
2514,True,4,24,80
2515,True,4,24,80
2516,True,3,16,80
2517,True,4,24,80
2518,True,4,32,80
2519,True,4,24,80
2520,True,4,24,80
2521,True,4,24,80
2522,True,4,32,80
2523,True,4,24,80
2524,True,4,24,80
2525,True,4,24,80
2526,True,4,24,80
2527,True,4,24,80
2528,True,4,24,80
2529,True,4,24,80
2530,True,4,24,80
2531,True,4,24,80
2532,True,5,32,80
2533,True,3,16,80
2534,True,4,24,80
2535,True,4,32,80
2536,True,3,24,80
2537,True,4,24,80
2538,True,3,24,80
2539,True,4,24,80
2540,True,4,24,80
2541,True,4,24,80
2542,True,4,24,80
2543,True,4,32,80
2544,True,4,24,80
2545,True,4,24,80
2546,True,4,24,80
2547,True,4,32,80
2548,True,4,24,80
2549,True,4,24,80
2550,True,4,24,80
2551,True,3,24,80
2552,True,4,24,80
2553,True,4,24,80
2554,True,4,24,80
2555,True,4,24,80
2556,True,4,24,80
2557,True,4,24,80
2558,True,3,16,80
2559,True,4,24,80
2560,True,4,24,80
2561,True,4,24,80
2562,True,3,16,80
2563,True,4,32,80
2564,True,4,24,80
2565,True,4,24,80
2566,True,4,24,80
2567,True,4,24,80
2568,True,4,24,80
2569,True,4,24,80
2570,True,4,24,80
2571,True,4,24,80
2572,True,4,24,80
2573,True,4,32,80
2574,True,4,32,80
2575,True,4,24,80
2576,True,4,24,80
2577,True,4,24,80
2578,True,4,32,80
2579,True,4,24,80
2580,True,4,24,80
2581,True,4,24,80
2582,True,4,24,80
2583,True,4,24,80
2584,True,4,24,80
2585,True,4,24,80
2586,True,4,24,80
2587,True,4,24,80
2588,True,4,24,80
2589,True,4,24,80
2590,True,4,24,80
2591,True,4,24,80
2592,True,4,24,80
2593,True,4,24,80
2594,True,4,24,80
2595,True,4,24,80
2596,True,4,24,80
2597,True,4,32,80
2598,True,3,16,80
2599,True,3,24,80
2600,True,4,24,80
2601,True,4,24,80
2602,True,3,24,80
2603,True,3,24,80
2604,True,4,24,80
2605,True,4,24,80
2606,True,4,24,80
2607,True,4,24,80
2608,True,4,24,80
2609,True,4,24,80
2610,True,4,24,80
2611,True,4,24,80
2612,True,4,24,80
2613,True,4,32,80
2614,True,4,24,80
2615,True,4,24,80
2616,True,4,24,80
2617,True,4,24,80
2618,True,4,24,80
2619,True,4,24,80
2620,True,4,24,80
2621,True,3,24,80
2622,True,4,24,80
2623,True,4,24,80
2624,True,4,24,80
2625,True,4,24,80
2626,True,4,24,80
2627,True,4,24,80
2628,True,4,24,80
2629,True,4,24,80
2630,True,3,24,80
2631,True,4,24,80
2632,True,4,24,80
2633,True,4,24,80
2634,True,4,24,80
2635,True,4,24,80
2636,True,3,24,80
2637,True,3,24,80
2638,True,4,24,80
2639,True,4,24,80
2640,True,4,24,80
2641,True,4,32,80
2642,True,4,24,80
2643,True,4,24,80
2644,True,4,24,80
2645,True,4,24,80
2646,True,4,24,80
2647,True,4,24,80
2648,True,4,24,80
2649,True,4,32,80
2650,True,4,24,80
2651,True,3,24,80
2652,True,4,24,80
2653,True,4,24,80
2654,True,4,24,80
2655,True,4,24,80
2656,True,4,24,80
2657,True,4,24,80
2658,True,4,24,80
2659,True,4,24,80
2660,True,3,24,80
2661,True,3,24,80
2662,True,4,24,80
2663,True,4,24,80
2664,True,4,32,80
2665,True,4,32,80
2666,True,4,24,80
2667,True,4,24,80
2668,True,4,24,80
2669,True,4,32,80
2670,True,4,24,80
2671,True,4,24,80
2672,True,4,24,80
2673,True,4,24,80
2674,True,4,24,80
2675,True,4,32,80
2676,True,4,24,80
2677,True,4,24,80
2678,True,4,24,80
2679,True,4,24,80
2680,True,3,24,80
2681,True,4,24,80
2682,True,4,24,80
2683,True,4,24,80
2684,True,4,24,80
2685,True,4,24,80
2686,True,4,24,80
2687,True,4,24,80
2688,True,4,24,80
2689,True,4,24,80
2690,True,4,24,80
2691,True,4,24,80
2692,True,4,24,80
2693,True,3,24,80
2694,True,4,32,80
2695,True,4,24,80
2696,True,4,24,80
2697,True,4,24,80
2698,True,4,24,80
2699,True,4,24,80
2700,True,4,24,80
2701,True,4,24,80
2702,True,4,24,80
2703,True,4,24,80
2704,True,5,32,80
2705,True,4,24,80
2706,True,5,32,80
2707,True,4,24,80
2708,True,3,24,80
2709,True,4,24,80
2710,True,4,24,80
2711,True,4,24,80
2712,True,3,24,80
2713,True,4,24,80
2714,True,4,24,80
2715,True,4,24,80
2716,True,3,24,80
2717,True,4,24,80
2718,True,4,24,80
2719,True,4,24,80
2720,True,4,24,80
2721,True,4,24,80
2722,True,3,24,80
2723,True,4,24,80
2724,True,4,32,80
2725,True,4,32,80
2726,True,4,24,80
2727,True,3,24,80
2728,True,4,32,80
2729,True,4,24,80
2730,True,4,24,80
2731,True,4,24,80
2732,True,4,24,80
2733,True,4,24,80
2734,True,4,24,80
2735,True,4,24,80
2736,True,4,24,80
2737,True,4,24,80
2738,True,4,24,80
2739,True,4,24,80
2740,True,3,24,80
2741,True,4,32,80
2742,True,5,32,80
2743,True,4,24,80
2744,True,4,24,80
2745,True,4,32,80
2746,True,4,24,80
2747,True,4,24,80
2748,True,4,24,80
2749,True,4,24,80
2750,True,4,24,80
2751,True,4,24,80
2752,True,4,24,80
2753,True,4,24,80
2754,True,3,24,80
2755,True,4,24,80
2756,True,4,24,80
2757,True,4,24,80
2758,True,4,24,80
2759,True,4,24,80
2760,True,4,24,80
2761,True,4,24,80
2762,True,4,24,80
2763,True,4,24,80
2764,True,4,24,80
2765,True,4,24,80
2766,True,4,24,80
2767,True,3,24,80
2768,True,4,24,80
2769,True,4,24,80
2770,True,4,24,80
2771,True,4,24,80
2772,True,3,24,80
2773,True,4,24,80
2774,True,4,24,80
2775,True,5,32,80
2776,True,4,24,80
2777,True,4,24,80
2778,True,3,24,80
2779,True,4,24,80
2780,True,3,16,80
2781,True,4,24,80
2782,True,4,24,80
2783,True,4,24,80
2784,True,4,24,80
2785,True,4,32,80
2786,True,4,24,80
2787,True,4,24,80
2788,True,4,24,80
2789,True,4,24,80
2790,True,4,24,80
2791,True,4,24,80
2792,True,3,24,80
2793,True,4,24,80
2794,True,4,32,80
2795,True,4,24,80
2796,True,3,24,80
2797,True,3,24,80
2798,True,3,24,80
2799,True,4,24,80
2800,True,3,24,80
2801,True,4,24,80
2802,True,4,32,80
2803,True,4,24,80
2804,True,4,24,80
2805,True,4,24,80
2806,True,4,24,80
2807,True,4,24,80
2808,True,4,24,80
2809,True,4,24,80
2810,True,4,32,80
2811,True,4,24,80
2812,True,4,24,80
2813,True,4,32,80
2814,True,4,24,80
2815,True,4,24,80
2816,True,4,24,80
2817,True,3,24,80
2818,True,4,32,80
2819,True,4,24,80
2820,True,4,24,80
2821,True,4,24,80
2822,True,4,24,80
2823,True,4,24,80
2824,True,4,24,80
2825,True,4,24,80
2826,True,3,16,80
2827,True,4,24,80
2828,True,4,24,80
2829,True,4,24,80
2830,True,4,24,80
2831,True,4,24,80
2832,True,4,24,80
2833,True,3,24,80
2834,True,4,24,80
2835,True,4,24,80
2836,True,4,24,80
2837,True,3,24,80
2838,True,4,24,80
2839,True,4,24,80
2840,True,4,24,80
2841,True,4,24,80
2842,True,4,24,80
2843,True,4,24,80
2844,True,4,24,80
2845,True,4,24,80
2846,True,4,24,80
2847,True,4,32,80
2848,True,3,24,80
2849,True,4,24,80
2850,True,3,24,80
2851,True,4,24,80
2852,True,4,24,80
2853,True,4,24,80
2854,True,4,24,80
2855,True,4,24,80
2856,True,4,24,80
2857,True,4,24,80
2858,True,4,24,80
2859,True,4,24,80
2860,True,5,32,80
2861,True,3,24,80
2862,True,4,32,80
2863,True,4,24,80
2864,True,3,24,80
2865,True,4,24,80
2866,True,4,24,80
2867,True,4,24,80
2868,True,4,24,80
2869,True,4,24,80
2870,True,4,24,80
2871,True,3,24,80
2872,True,4,24,80
2873,True,4,24,80
2874,True,4,24,80
2875,True,4,24,80
2876,True,4,24,80
2877,True,4,24,80
2878,True,4,24,80
2879,True,4,24,80
2880,True,4,32,80
2881,True,4,24,80
2882,True,4,24,80
2883,True,4,24,80
2884,True,4,24,80
2885,True,3,24,80
2886,True,4,24,80
2887,True,3,24,80
2888,True,4,24,80
2889,True,4,24,80
2890,True,4,24,80
2891,True,3,24,80
2892,True,3,24,80
2893,True,4,24,80
2894,True,4,24,80
2895,True,4,24,80
2896,True,4,24,80
2897,True,4,24,80
2898,True,4,24,80
2899,True,4,24,80
2900,True,4,24,80
2901,True,4,24,80
2902,True,3,24,80
2903,True,4,24,80
2904,True,4,24,80
2905,True,4,24,80
2906,True,4,24,80
2907,True,3,24,80
2908,True,4,24,80
2909,True,3,24,80
2910,True,3,24,80
2911,True,4,24,80
2912,True,3,24,80
2913,True,4,24,80
2914,True,3,24,80
2915,True,4,24,80
2916,True,4,24,80
2917,True,3,24,80
2918,True,4,24,80
2919,True,4,24,80
2920,True,4,24,80
2921,True,4,24,80
2922,True,4,24,80
2923,True,4,24,80
2924,True,3,24,80
2925,True,4,24,80
2926,True,4,24,80
2927,True,3,16,80
2928,True,3,24,80
2929,True,3,24,80
2930,True,4,24,80
2931,True,4,32,80
2932,True,4,24,80
2933,True,4,24,80
2934,True,3,24,80
2935,True,4,24,80
2936,True,4,24,80
2937,True,4,24,80
2938,True,4,24,80
2939,True,4,24,80
2940,True,4,24,80
2941,True,4,24,80
2942,True,4,24,80
2943,True,4,24,80
2944,True,4,24,80
2945,True,3,24,80
2946,True,4,24,80
2947,True,4,24,80
2948,True,4,32,80
2949,True,4,24,80
2950,True,4,24,80
2951,True,3,24,80
2952,True,4,24,80
2953,True,5,32,80
2954,True,3,16,80
2955,True,4,24,80
2956,True,4,24,80
2957,True,4,24,80
2958,True,4,24,80
2959,True,4,24,80
2960,True,4,24,80
2961,True,4,24,80
2962,True,4,32,80
2963,True,4,24,80
2964,True,4,24,80
2965,True,4,24,80
2966,True,3,24,80
2967,True,4,24,80
2968,True,4,24,80
2969,True,4,24,80
2970,True,4,24,80
2971,True,4,24,80
2972,True,3,16,80
2973,True,4,24,80
2974,True,4,32,80
2975,True,4,24,80
2976,True,4,24,80
2977,True,4,24,80
2978,True,4,24,80
2979,True,4,24,80
2980,True,4,24,80
2981,True,4,24,80
2982,True,4,32,80
2983,True,4,24,80
2984,True,4,24,80
2985,True,4,24,80
2986,True,4,24,80
2987,True,4,24,80
2988,True,4,24,80
2989,True,4,24,80
2990,True,4,32,80
2991,True,4,24,80
2992,True,3,24,80
2993,True,3,24,80
2994,True,3,24,80
2995,True,4,24,80
2996,True,4,24,80
2997,True,4,24,80
2998,True,4,24,80
2999,True,4,24,80
3000,True,4,24,80
3001,True,4,24,80
3002,True,4,24,80
3003,True,4,24,80
3004,True,4,24,80
3005,True,4,24,80
3006,True,4,24,80
3007,True,4,24,80
3008,True,4,24,80
3009,True,4,24,80
3010,True,4,24,80
3011,True,4,24,80
3012,True,4,24,80
3013,True,4,24,80
3014,True,4,24,80
3015,True,4,24,80
3016,True,4,24,80
3017,True,4,24,80
3018,True,3,24,80
3019,True,4,24,80
3020,True,4,24,80
3021,True,4,24,80
3022,True,4,24,80
3023,True,4,24,80
3024,True,4,24,80
3025,True,4,24,80
3026,True,4,24,80
3027,True,5,32,80
3028,True,4,24,80
3029,True,4,24,80
3030,True,4,24,80
3031,True,4,24,80
3032,True,4,24,80
3033,True,4,24,80
3034,True,4,32,80
3035,True,4,24,80
3036,True,4,24,80
3037,True,3,24,80
3038,True,3,24,80
3039,True,4,24,80
3040,True,4,24,80
3041,True,4,24,80
3042,True,3,24,80
3043,True,4,24,80
3044,True,4,24,80
3045,True,4,32,80
3046,True,4,24,80
3047,True,4,24,80
3048,True,3,24,80
3049,True,4,24,80
3050,True,4,24,80
3051,True,4,24,80
3052,True,4,24,80
3053,True,4,24,80
3054,True,4,24,80
3055,True,4,24,80
3056,True,3,24,80
3057,True,4,24,80
3058,True,4,24,80
3059,True,4,24,80
3060,True,4,24,80
3061,True,4,24,80
3062,True,4,24,80
3063,True,4,24,80
3064,True,4,24,80
3065,True,4,24,80
3066,True,4,24,80
3067,True,4,24,80
3068,True,3,24,80
3069,True,4,24,80
3070,True,4,24,80
3071,True,4,24,80
3072,True,4,24,80
3073,True,4,24,80
3074,True,4,24,80
3075,True,4,32,80
3076,True,4,24,80
3077,True,4,24,80
3078,True,4,24,80
3079,True,4,24,80
3080,True,4,32,80
3081,True,4,32,80
3082,True,4,24,80
3083,True,4,32,80
3084,True,4,24,80
3085,True,5,32,80
3086,True,5,32,80
3087,True,4,24,80
3088,True,4,24,80
3089,True,4,24,80
3090,True,4,32,80
3091,True,3,24,80
3092,True,4,24,80
3093,True,3,24,80
3094,True,3,16,80
3095,True,4,24,80
3096,True,4,24,80
3097,True,4,24,80
3098,True,4,24,80
3099,True,3,24,80
3100,True,4,24,80
3101,True,4,24,80
3102,True,4,24,80
3103,True,4,24,80
3104,True,4,24,80
3105,True,4,24,80
3106,True,4,24,80
3107,True,4,24,80
3108,True,4,24,80
3109,True,4,24,80
3110,True,4,24,80
3111,True,4,24,80
3112,True,4,24,80
3113,True,4,24,80
3114,True,4,24,80
3115,True,4,24,80
3116,True,4,24,80
3117,True,3,24,80
3118,True,4,24,80
3119,True,4,24,80
3120,True,4,24,80
3121,True,4,24,80
3122,True,4,24,80
3123,True,4,24,80
3124,True,4,24,80
3125,True,4,24,80
3126,True,4,24,80
3127,True,3,24,80
3128,True,4,24,80
3129,True,3,24,80
3130,True,4,32,80
3131,True,4,24,80
3132,True,4,24,80
3133,True,4,24,80
3134,True,4,24,80
3135,True,4,24,80
3136,True,3,24,80
3137,True,3,24,80
3138,True,4,24,80
3139,True,4,24,80
3140,True,5,32,80
3141,True,4,24,80
3142,True,4,24,80
3143,True,4,32,80
3144,True,4,24,80
3145,True,4,32,80
3146,True,4,24,80
3147,True,4,24,80
3148,True,3,24,80
3149,True,4,24,80
3150,True,4,24,80
3151,True,4,24,80
3152,True,4,24,80
3153,True,4,24,80
3154,True,4,24,80
3155,True,4,24,80
3156,True,4,24,80
3157,True,4,24,80
3158,True,4,24,80
3159,True,4,24,80
3160,True,3,24,80
3161,True,4,24,80
3162,True,5,32,80
3163,True,4,24,80
3164,True,4,24,80
3165,True,4,24,80
3166,True,4,24,80
3167,True,4,24,80
3168,True,4,24,80
3169,True,4,24,80
3170,True,4,24,80
3171,True,4,32,80
3172,True,4,24,80
3173,True,4,24,80
3174,True,4,24,80
3175,True,4,24,80
3176,True,4,24,80
3177,True,4,24,80
3178,True,4,24,80
3179,True,3,24,80
3180,True,4,24,80
3181,True,3,24,80
3182,True,3,24,80
3183,True,4,24,80
3184,True,4,24,80
3185,True,4,24,80
3186,True,4,24,80
3187,True,4,24,80
3188,True,4,24,80
3189,True,4,24,80
3190,True,4,24,80
3191,True,4,24,80
3192,True,4,24,80
3193,True,4,24,80
3194,True,4,24,80
3195,True,3,24,80
3196,True,4,24,80
3197,True,4,24,80
3198,True,3,24,80
3199,True,4,24,80
3200,True,4,24,80
3201,True,4,24,80
3202,True,4,24,80
3203,True,4,24,80
3204,True,4,24,80
3205,True,4,24,80
3206,True,3,24,80
3207,True,4,24,80
3208,True,4,24,80
3209,True,4,24,80
3210,True,4,24,80
3211,True,4,24,80
3212,True,3,16,80
3213,True,4,24,80
3214,True,4,24,80
3215,True,3,24,80
3216,True,4,24,80
3217,True,4,24,80
3218,True,4,24,80
3219,True,4,24,80
3220,True,4,24,80
3221,True,4,24,80
3222,True,4,24,80
3223,True,4,24,80
3224,True,4,24,80
3225,True,4,24,80
3226,True,4,24,80
3227,True,4,24,80
3228,True,4,24,80
3229,True,4,24,80
3230,True,4,32,80
3231,True,4,24,80
3232,True,4,24,80
3233,True,4,24,80
3234,True,4,24,80
3235,True,4,24,80
3236,True,4,24,80
3237,True,3,16,80
3238,True,4,24,80
3239,True,4,32,80
3240,True,4,24,80
3241,True,4,24,80
3242,True,4,24,80
3243,True,4,24,80
3244,True,4,24,80
3245,True,4,24,80
3246,True,4,24,80
3247,True,4,24,80
3248,True,4,24,80
3249,True,4,24,80
3250,True,4,24,80
3251,True,4,24,80
3252,True,4,24,80
3253,True,4,24,80
3254,True,4,24,80
3255,True,3,16,80
3256,True,4,24,80
3257,True,4,24,80
3258,True,4,24,80
3259,True,4,24,80
3260,True,4,24,80
3261,True,4,24,80
3262,True,3,24,80
3263,True,4,24,80
3264,True,4,24,80
3265,True,4,24,80
3266,True,4,24,80
3267,True,4,24,80
3268,True,4,24,80
3269,True,4,24,80
3270,True,4,24,80
3271,True,4,24,80
3272,True,4,24,80
3273,True,4,24,80
3274,True,5,32,80
3275,True,4,24,80
3276,True,3,24,80
3277,True,4,24,80
3278,True,4,24,80
3279,True,4,24,80
3280,True,4,24,80
3281,True,5,32,80
3282,True,4,24,80
3283,True,4,24,80
3284,True,4,32,80
3285,True,4,24,80
3286,True,4,24,80
3287,True,3,16,80
3288,True,4,24,80
3289,True,4,24,80
3290,True,4,24,80
3291,True,4,24,80
3292,True,4,24,80
3293,True,4,24,80
3294,True,4,24,80
3295,True,4,24,80
3296,True,4,24,80
3297,True,3,24,80
3298,True,4,24,80
3299,True,4,24,80
3300,True,4,24,80
3301,True,4,24,80
3302,True,4,24,80
3303,True,4,24,80
3304,True,4,24,80
3305,True,3,24,80
3306,True,4,24,80
3307,True,4,24,80
3308,True,4,24,80
3309,True,4,24,80
3310,True,4,24,80
3311,True,4,24,80
3312,True,4,24,80
3313,True,4,24,80
3314,True,4,24,80
3315,True,4,24,80
3316,True,4,24,80
3317,True,3,24,80
3318,True,4,24,80
3319,True,4,32,80
3320,True,3,24,80
3321,True,4,24,80
3322,True,4,24,80
3323,True,4,24,80
3324,True,4,24,80
3325,True,4,24,80
3326,True,3,24,80
3327,True,4,24,80
3328,True,3,24,80
3329,True,4,24,80
3330,True,4,24,80
3331,True,4,24,80
3332,True,4,24,80
3333,True,4,24,80
3334,True,4,24,80
3335,True,3,24,80
3336,True,4,32,80
3337,True,4,24,80
3338,True,3,24,80
3339,True,4,24,80
3340,True,4,24,80
3341,True,4,24,80
3342,True,4,24,80
3343,True,4,24,80
3344,True,4,24,80
3345,True,4,24,80
3346,True,4,24,80
3347,True,4,24,80
3348,True,4,24,80
3349,True,4,24,80
3350,True,4,24,80
3351,True,4,24,80
3352,True,3,24,80
3353,True,3,24,80
3354,True,4,24,80
3355,True,4,24,80
3356,True,4,32,80
3357,True,4,24,80
3358,True,4,24,80
3359,True,3,24,80
3360,True,4,32,80
3361,True,4,24,80
3362,True,4,24,80
3363,True,4,24,80
3364,True,4,24,80
3365,True,4,24,80
3366,True,4,24,80
3367,True,4,24,80
3368,True,4,24,80
3369,True,4,32,80
3370,True,4,32,80
3371,True,3,24,80
3372,True,4,24,80
3373,True,4,24,80
3374,True,3,24,80
3375,True,4,24,80
3376,True,3,16,80
3377,True,4,24,80
3378,True,4,24,80
3379,True,4,24,80
3380,True,3,24,80
3381,True,4,24,80
3382,True,4,24,80
3383,True,4,32,80
3384,True,4,24,80
3385,True,3,24,80
3386,True,3,16,80
3387,True,4,32,80
3388,True,3,24,80
3389,True,4,32,80
3390,True,4,32,80
3391,True,4,24,80
3392,True,4,24,80
3393,True,4,24,80
3394,True,4,24,80
3395,True,4,24,80
3396,True,4,24,80
3397,True,4,32,80
3398,True,3,24,80
3399,True,4,24,80
3400,True,4,24,80
3401,True,4,32,80
3402,True,4,24,80
3403,True,4,24,80
3404,True,4,24,80
3405,True,4,24,80
3406,True,4,24,80
3407,True,4,24,80
3408,True,4,32,80
3409,True,4,32,80
3410,True,4,24,80
3411,True,4,24,80
3412,True,4,24,80
3413,True,4,24,80
3414,True,4,32,80
3415,True,4,24,80
3416,True,4,24,80
3417,True,4,24,80
3418,True,4,32,80
3419,True,4,24,80
3420,True,4,24,80
3421,True,4,32,80
3422,True,4,32,80
3423,True,4,24,80
3424,True,4,24,80
3425,True,4,24,80
3426,True,3,24,80
3427,True,4,24,80
3428,True,4,24,80
3429,True,4,24,80
3430,True,4,24,80
3431,True,4,24,80
3432,True,4,24,80
3433,True,4,24,80
3434,True,3,16,80
3435,True,4,24,80
3436,True,4,24,80
3437,True,3,24,80
3438,True,4,32,80
3439,True,4,24,80
3440,True,4,24,80
3441,True,4,24,80
3442,True,4,24,80
3443,True,4,24,80
3444,True,4,32,80
3445,True,4,24,80
3446,True,4,24,80
3447,True,4,24,80
3448,True,4,24,80
3449,True,4,24,80
3450,True,4,24,80
3451,True,4,24,80
3452,True,4,24,80
3453,True,4,24,80
3454,True,4,32,80
3455,True,4,24,80
3456,True,3,16,80
3457,True,4,24,80
3458,True,3,24,80
3459,True,3,24,80
3460,True,4,24,80
3461,True,4,24,80
3462,True,4,24,80
3463,True,4,24,80
3464,True,4,24,80
3465,True,4,24,80
3466,True,4,24,80
3467,True,4,24,80
3468,True,4,24,80
3469,True,4,24,80
3470,True,3,16,80
3471,True,4,24,80
3472,True,4,24,80
3473,True,4,24,80
3474,True,4,24,80
3475,True,4,24,80
3476,True,4,24,80
3477,True,4,24,80
3478,True,4,24,80
3479,True,4,24,80
3480,True,4,24,80
3481,True,4,24,80
3482,True,4,24,80
3483,True,4,24,80
3484,True,4,24,80
3485,True,4,24,80
3486,True,4,24,80
3487,True,4,24,80
3488,True,4,24,80
3489,True,4,24,80
3490,True,4,24,80
3491,True,3,24,80
3492,True,4,24,80
3493,True,3,24,80
3494,True,4,24,80
3495,True,4,24,80
3496,True,4,24,80
3497,True,4,24,80
3498,True,4,24,80
3499,True,3,16,80
3500,True,4,24,80
3501,True,4,24,80
3502,True,4,24,80
3503,True,4,24,80
3504,True,4,24,80
3505,True,3,16,80
3506,True,4,24,80
3507,True,4,24,80
3508,True,3,24,80
3509,True,4,24,80
3510,True,4,24,80
3511,True,4,32,80
3512,True,4,24,80
3513,True,4,24,80
3514,True,3,24,80
3515,True,4,24,80
3516,True,4,24,80
3517,True,4,24,80
3518,True,4,24,80
3519,True,3,24,80
3520,True,3,24,80
3521,True,4,24,80
3522,True,5,32,80
3523,True,4,24,80
3524,True,4,24,80
3525,True,4,24,80
3526,True,3,24,80
3527,True,4,24,80
3528,True,4,24,80
3529,True,4,24,80
3530,True,4,32,80
3531,True,4,24,80
3532,True,4,24,80
3533,True,4,24,80
3534,True,4,24,80
3535,True,4,24,80
3536,True,4,24,80
3537,True,4,24,80
3538,True,4,24,80
3539,True,4,32,80
3540,True,4,24,80
3541,True,4,24,80
3542,True,4,24,80
3543,True,3,24,80
3544,True,4,24,80
3545,True,4,24,80
3546,True,4,24,80
3547,True,4,24,80
3548,True,4,24,80
3549,True,3,24,80
3550,True,4,24,80
3551,True,4,24,80
3552,True,4,24,80
3553,True,4,24,80
3554,True,4,32,80
3555,True,4,24,80
3556,True,3,24,80
3557,True,4,24,80
3558,True,4,32,80
3559,True,4,24,80
3560,True,4,24,80
3561,True,4,24,80
3562,True,4,24,80
3563,True,4,24,80
3564,True,4,24,80
3565,True,4,24,80
3566,True,4,24,80
3567,True,4,24,80
3568,True,4,24,80
3569,True,4,24,80
3570,True,4,24,80
3571,True,4,24,80
3572,True,4,24,80
3573,True,4,24,80
3574,True,4,24,80
3575,True,3,16,80
3576,True,4,24,80
3577,True,4,24,80
3578,True,4,24,80
3579,True,4,24,80
3580,True,4,24,80
3581,True,4,32,80
3582,True,4,32,80
3583,True,4,24,80
3584,True,4,32,80
3585,True,4,24,80
3586,True,4,24,80
3587,True,4,24,80
3588,True,4,32,80
3589,True,4,24,80
3590,True,4,24,80
3591,True,3,24,80
3592,True,4,24,80
3593,True,4,32,80
3594,True,4,24,80
3595,True,4,32,80
3596,True,3,24,80
3597,True,4,24,80
3598,True,4,24,80
3599,True,4,24,80
3600,True,4,24,80
3601,True,4,24,80
3602,True,4,24,80
3603,True,4,24,80
3604,True,4,24,80
3605,True,4,24,80
3606,True,4,24,80
3607,True,4,24,80
3608,True,3,16,80
3609,True,4,24,80
3610,True,4,24,80
3611,True,4,32,80
3612,True,4,24,80
3613,True,4,24,80
3614,True,4,24,80
3615,True,4,24,80
3616,True,4,32,80
3617,True,4,24,80
3618,True,4,24,80
3619,True,4,24,80
3620,True,4,24,80
3621,True,4,24,80
3622,True,3,24,80
3623,True,4,24,80
3624,True,4,24,80
3625,True,4,24,80
3626,True,4,24,80
3627,True,4,24,80
3628,True,4,24,80
3629,True,4,24,80
3630,True,4,24,80
3631,True,4,24,80
3632,True,4,32,80
3633,True,4,24,80
3634,True,4,24,80
3635,True,4,24,80
3636,True,4,24,80
3637,True,4,24,80
3638,True,3,24,80
3639,True,4,24,80
3640,True,4,24,80
3641,True,4,32,80
3642,True,4,24,80
3643,True,4,24,80
3644,True,4,24,80
3645,True,4,24,80
3646,True,4,24,80
3647,True,4,24,80
3648,True,4,24,80
3649,True,4,24,80
3650,True,4,24,80
3651,True,4,24,80
3652,True,4,24,80
3653,True,4,24,80
3654,True,4,24,80
3655,True,4,24,80
3656,True,4,24,80
3657,True,4,24,80
3658,True,4,24,80
3659,True,4,24,80
3660,True,4,24,80
3661,True,4,24,80
3662,True,4,24,80
3663,True,4,24,80
3664,True,4,24,80
3665,True,4,24,80
3666,True,4,24,80
3667,True,4,24,80
3668,True,4,24,80
3669,True,4,24,80
3670,True,4,24,80
3671,True,4,24,80
3672,True,4,32,80
3673,True,5,32,80
3674,True,4,32,80
3675,True,4,24,80
3676,True,4,24,80
3677,True,4,24,80
3678,True,4,24,80
3679,True,4,24,80
3680,True,4,24,80
3681,True,4,24,80
3682,True,3,24,80
3683,True,4,24,80
3684,True,4,24,80
3685,True,4,24,80
3686,True,4,24,80
3687,True,4,24,80
3688,True,3,24,80
3689,True,4,24,80
3690,True,4,24,80
3691,True,4,24,80
3692,True,4,24,80
3693,True,3,24,80
3694,True,4,24,80
3695,True,4,24,80
3696,True,4,24,80
3697,True,4,32,80
3698,True,4,24,80
3699,True,4,24,80
3700,True,4,24,80
3701,True,4,32,80
3702,True,4,24,80
3703,True,4,24,80
3704,True,3,24,80
3705,True,4,32,80
3706,True,4,24,80
3707,True,4,24,80
3708,True,4,24,80
3709,True,4,24,80
3710,True,3,16,80
3711,True,4,24,80
3712,True,4,24,80
3713,True,3,24,80
3714,True,4,24,80
3715,True,4,24,80
3716,True,4,24,80
3717,True,4,24,80
3718,True,4,24,80
3719,True,4,32,80
3720,True,4,24,80
3721,True,4,24,80
3722,True,4,24,80
3723,True,4,24,80
3724,True,4,24,80
3725,True,4,24,80
3726,True,4,32,80
3727,True,4,24,80
3728,True,4,24,80
3729,True,4,24,80
3730,True,4,24,80
3731,True,4,24,80
3732,True,4,24,80
3733,True,4,24,80
3734,True,4,24,80
3735,True,4,24,80
3736,True,4,24,80
3737,True,4,24,80
3738,True,3,24,80
3739,True,4,24,80
3740,True,4,24,80
3741,True,3,24,80
3742,True,4,24,80
3743,True,4,32,80
3744,True,4,24,80
3745,True,4,24,80
3746,True,4,24,80
3747,True,4,24,80
3748,True,4,24,80
3749,True,4,24,80
3750,True,3,24,80
3751,True,4,24,80
3752,True,4,24,80
3753,True,4,24,80
3754,True,3,16,80
3755,True,3,16,80
3756,True,4,24,80
3757,True,4,24,80
3758,True,4,24,80
3759,True,4,24,80
3760,True,4,24,80
3761,True,4,24,80
3762,True,4,24,80
3763,True,4,24,80
3764,True,4,24,80
3765,True,4,24,80
3766,True,4,24,80
3767,True,4,24,80
3768,True,4,24,80
3769,True,4,24,80
3770,True,4,24,80
3771,True,4,24,80
3772,True,4,24,80
3773,True,4,24,80
3774,True,4,24,80
3775,True,4,24,80
3776,True,4,32,80
3777,True,4,24,80
3778,True,4,24,80
3779,True,4,24,80
3780,True,4,24,80
3781,True,4,24,80
3782,True,3,24,80
3783,True,4,24,80
3784,True,4,24,80
3785,True,4,24,80
3786,True,4,24,80
3787,True,3,24,80
3788,True,4,24,80
3789,True,4,32,80
3790,True,4,32,80
3791,True,4,24,80
3792,True,4,24,80
3793,True,4,24,80
3794,True,4,24,80
3795,True,4,32,80
3796,True,4,24,80
3797,True,3,24,80
3798,True,4,24,80
3799,True,4,24,80
3800,True,4,24,80
3801,True,3,24,80
3802,True,4,24,80
3803,True,4,24,80
3804,True,4,24,80
3805,True,4,24,80
3806,True,4,24,80
3807,True,4,24,80
3808,True,4,32,80
3809,True,4,32,80
3810,True,4,24,80
3811,True,4,24,80
3812,True,4,24,80
3813,True,4,24,80
3814,True,4,24,80
3815,True,4,24,80
3816,True,4,24,80
3817,True,4,32,80
3818,True,4,24,80
3819,True,4,24,80
3820,True,3,24,80
3821,True,4,24,80
3822,True,4,24,80
3823,True,4,24,80
3824,True,4,24,80
3825,True,4,32,80
3826,True,4,24,80
3827,True,4,24,80
3828,True,4,24,80
3829,True,4,24,80
3830,True,4,24,80
3831,True,4,24,80
3832,True,4,24,80
3833,True,4,32,80
3834,True,4,24,80
3835,True,4,24,80
3836,True,4,24,80
3837,True,4,24,80
3838,True,4,24,80
3839,True,4,24,80
3840,True,5,32,80
3841,True,4,24,80
3842,True,4,24,80
3843,True,4,24,80
3844,True,4,24,80
3845,True,4,24,80
3846,True,4,24,80
3847,True,4,24,80
3848,True,4,24,80
3849,True,4,24,80
3850,True,4,24,80
3851,True,4,24,80
3852,True,4,24,80
3853,True,3,24,80
3854,True,4,24,80
3855,True,4,24,80
3856,True,4,24,80
3857,True,4,24,80
3858,True,4,24,80
3859,True,3,24,80
3860,True,4,24,80
3861,True,3,24,80
3862,True,4,24,80
3863,True,4,32,80
3864,True,4,24,80
3865,True,4,24,80
3866,True,4,24,80
3867,True,4,24,80
3868,True,4,24,80
3869,True,4,24,80
3870,True,4,24,80
3871,True,3,24,80
3872,True,4,24,80
3873,True,4,24,80
3874,True,3,16,80
3875,True,4,24,80
3876,True,4,24,80
3877,True,4,24,80
3878,True,4,24,80
3879,True,3,24,80
3880,True,3,24,80
3881,True,3,24,80
3882,True,4,24,80
3883,True,4,32,80
3884,True,4,24,80
3885,True,4,24,80
3886,True,4,24,80
3887,True,3,24,80
3888,True,4,24,80
3889,True,4,24,80
3890,True,4,24,80
3891,True,4,24,80
3892,True,4,24,80
3893,True,4,24,80
3894,True,4,24,80
3895,True,3,24,80
3896,True,4,24,80
3897,True,4,24,80
3898,True,4,24,80
3899,True,4,24,80
3900,True,4,24,80
3901,True,4,24,80
3902,True,3,24,80
3903,True,4,24,80
3904,True,4,24,80
3905,True,4,32,80
3906,True,4,24,80
3907,True,4,24,80
3908,True,4,24,80
3909,True,4,24,80
3910,True,4,24,80
3911,True,4,24,80
3912,True,4,24,80
3913,True,4,24,80
3914,True,4,24,80
3915,True,4,24,80
3916,True,3,24,80
3917,True,5,32,80
3918,True,4,24,80
3919,True,4,24,80
3920,True,4,24,80
3921,True,4,24,80
3922,True,4,24,80
3923,True,4,24,80
3924,True,4,24,80
3925,True,4,32,80
3926,True,4,24,80
3927,True,4,24,80
3928,True,3,24,80
3929,True,3,16,80
3930,True,4,32,80
3931,True,4,24,80
3932,True,4,24,80
3933,True,4,24,80
3934,True,4,24,80
3935,True,4,24,80
3936,True,4,24,80
3937,True,4,24,80
3938,True,4,24,80
3939,True,3,24,80
3940,True,3,24,80
3941,True,4,24,80
3942,True,4,24,80
3943,True,4,24,80
3944,True,4,24,80
3945,True,4,32,80
3946,True,4,24,80
3947,True,4,24,80
3948,True,4,32,80
3949,True,4,24,80
3950,True,4,24,80
3951,True,4,24,80
3952,True,4,24,80
3953,True,4,32,80
3954,True,4,24,80
3955,True,4,24,80
3956,True,4,24,80
3957,True,4,24,80
3958,True,4,24,80
3959,True,3,24,80
3960,True,4,24,80
3961,True,4,24,80
3962,True,4,24,80
3963,True,4,24,80
3964,True,4,32,80
3965,True,4,24,80
3966,True,4,24,80
3967,True,4,24,80
3968,True,4,24,80
3969,True,4,24,80
3970,True,5,32,80
3971,True,4,24,80
3972,True,4,24,80
3973,True,4,24,80
3974,True,3,24,80
3975,True,4,32,80
3976,True,4,24,80
3977,True,4,24,80
3978,True,4,24,80
3979,True,4,24,80
3980,True,4,24,80
3981,True,4,24,80
3982,True,4,24,80
3983,True,4,24,80
3984,True,4,24,80
3985,True,4,24,80
3986,True,4,24,80
3987,True,4,24,80
3988,True,3,24,80
3989,True,3,24,80
3990,True,4,24,80
3991,True,4,24,80
3992,True,3,16,80
3993,True,4,24,80
3994,True,4,24,80
3995,True,4,24,80
3996,True,4,24,80
3997,True,4,24,80
3998,True,4,32,80
3999,True,4,24,80
4000,True,4,24,80
4001,True,4,24,80
4002,True,4,24,80
4003,True,5,32,80
4004,True,4,24,80
4005,True,3,24,80
4006,True,4,24,80
4007,True,4,24,80
4008,True,4,24,80
4009,True,4,24,80
4010,True,5,32,80
4011,True,4,24,80
4012,True,4,24,80
4013,True,4,24,80
4014,True,4,24,80
4015,True,4,24,80
4016,True,4,24,80
4017,True,4,24,80
4018,True,4,24,80
4019,True,4,24,80
4020,True,4,24,80
4021,True,4,24,80
4022,True,4,24,80
4023,True,4,24,80
4024,True,4,24,80
4025,True,4,24,80
4026,True,4,24,80
4027,True,4,24,80
4028,True,4,32,80
4029,True,4,32,80
4030,True,4,32,80
4031,True,4,24,80
4032,True,4,24,80
4033,True,4,24,80
4034,True,3,24,80
4035,True,4,24,80
4036,True,4,24,80
4037,True,4,24,80
4038,True,4,24,80
4039,True,4,24,80
4040,True,4,24,80
4041,True,4,24,80
4042,True,3,24,80
4043,True,4,24,80
4044,True,4,24,80
4045,True,4,24,80
4046,True,4,24,80
4047,True,4,24,80
4048,True,4,24,80
4049,True,4,24,80
4050,True,4,24,80
4051,True,4,24,80
4052,True,4,24,80
4053,True,4,24,80
4054,True,4,24,80
4055,True,4,24,80
4056,True,4,24,80
4057,True,4,24,80
4058,True,4,24,80
4059,True,3,24,80
4060,True,3,24,80
4061,True,4,24,80
4062,True,4,24,80
4063,True,4,24,80
4064,True,4,24,80
4065,True,4,24,80
4066,True,4,24,80
4067,True,4,24,80
4068,True,4,24,80
4069,True,4,24,80
4070,True,4,24,80
4071,True,4,24,80
4072,True,4,24,80
4073,True,4,24,80
4074,True,4,24,80
4075,True,4,32,80
4076,True,4,24,80
4077,True,4,24,80
4078,True,3,24,80
4079,True,3,24,80
4080,True,4,24,80
4081,True,4,24,80
4082,True,4,24,80
4083,True,4,24,80
4084,True,4,24,80
4085,True,4,24,80
4086,True,3,24,80
4087,True,4,24,80
4088,True,4,24,80
4089,True,4,24,80
4090,True,4,24,80
4091,True,4,24,80
4092,True,4,24,80
4093,True,4,24,80
4094,True,3,24,80
4095,True,4,24,80
4096,True,4,24,80
4097,True,4,24,80
4098,True,4,24,80
4099,True,4,24,80
4100,True,4,24,80
4101,True,4,24,80
4102,True,3,24,80
4103,True,4,24,80
4104,True,4,24,80
4105,True,4,24,80
4106,True,4,24,80
4107,True,3,24,80
4108,True,4,32,80
4109,True,4,32,80
4110,True,4,24,80
4111,True,4,24,80
4112,True,4,24,80
4113,True,4,32,80
4114,True,4,24,80
4115,True,4,32,80
4116,True,4,24,80
4117,True,4,24,80
4118,True,4,24,80
4119,True,4,24,80
4120,True,4,24,80
4121,True,4,24,80
4122,True,4,24,80
4123,True,3,24,80
4124,True,4,24,80
4125,True,4,24,80
4126,True,4,24,80
4127,True,4,24,80
4128,True,4,24,80
4129,True,4,24,80
4130,True,4,24,80
4131,True,4,24,80
4132,True,4,24,80
4133,True,4,24,80
4134,True,4,24,80
4135,True,4,24,80
4136,True,4,24,80
4137,True,4,24,80
4138,True,4,24,80
4139,True,4,24,80
4140,True,4,24,80
4141,True,4,24,80
4142,True,4,24,80
4143,True,4,24,80
4144,True,4,24,80
4145,True,4,24,80
4146,True,4,24,80
4147,True,4,24,80
4148,True,4,24,80
4149,True,4,32,80
4150,True,4,24,80
4151,True,4,24,80
4152,True,4,24,80
4153,True,4,24,80
4154,True,4,24,80
4155,True,4,24,80
4156,True,4,32,80
4157,True,4,24,80
4158,True,4,24,80
4159,True,4,24,80
4160,True,4,24,80
4161,True,4,24,80
4162,True,3,24,80
4163,True,4,24,80
4164,True,3,16,80
4165,True,4,24,80
4166,True,4,24,80
4167,True,4,24,80
4168,True,5,32,80
4169,True,4,24,80
4170,True,4,24,80
4171,True,4,24,80
4172,True,4,24,80
4173,True,4,24,80
4174,True,4,24,80
4175,True,4,24,80
4176,True,4,24,80
4177,True,4,24,80
4178,True,4,24,80
4179,True,4,32,80
4180,True,3,24,80
4181,True,3,24,80
4182,True,4,24,80
4183,True,4,24,80
4184,True,4,24,80
4185,True,4,24,80
4186,True,4,24,80
4187,True,4,24,80
4188,True,4,24,80
4189,True,4,24,80
4190,True,4,24,80
4191,True,4,24,80
4192,True,4,24,80
4193,True,4,24,80
4194,True,4,24,80
4195,True,4,24,80
4196,True,4,24,80
4197,True,3,24,80
4198,True,4,24,80
4199,True,4,24,80
4200,True,3,24,80
4201,True,4,32,80
4202,True,4,24,80
4203,True,4,24,80
4204,True,3,24,80
4205,True,4,24,80
4206,True,4,24,80
4207,True,3,16,80
4208,True,4,24,80
4209,True,4,32,80
4210,True,4,24,80
4211,True,4,24,80
4212,True,4,24,80
4213,True,4,24,80
4214,True,4,24,80
4215,True,4,24,80
4216,True,4,24,80
4217,True,4,24,80
4218,True,4,24,80
4219,True,3,24,80
4220,True,3,24,80
4221,True,4,24,80
4222,True,4,24,80
4223,True,4,24,80
4224,True,4,24,80
4225,True,4,24,80
4226,True,5,32,80
4227,True,4,24,80
4228,True,4,24,80
4229,True,4,24,80
4230,True,4,24,80
4231,True,5,32,80
4232,True,3,24,80
4233,True,4,32,80
4234,True,4,24,80
4235,True,4,24,80
4236,True,4,24,80
4237,True,4,24,80
4238,True,4,24,80
4239,True,4,24,80
4240,True,4,24,80
4241,True,4,24,80
4242,True,4,24,80
4243,True,4,24,80
4244,True,4,24,80
4245,True,4,24,80
4246,True,3,16,80
4247,True,4,24,80
4248,True,3,24,80
4249,True,4,32,80
4250,True,4,24,80
4251,True,3,24,80
4252,True,4,24,80
4253,True,4,24,80
4254,True,4,24,80
4255,True,4,24,80
4256,True,4,24,80
4257,True,4,24,80
4258,True,4,24,80
4259,True,4,32,80
4260,True,4,24,80
4261,True,4,24,80
4262,True,3,24,80
4263,True,4,24,80
4264,True,3,24,80
4265,True,4,24,80
4266,True,4,32,80
4267,True,3,24,80
4268,True,4,24,80
4269,True,4,24,80
4270,True,4,24,80
4271,True,4,24,80
4272,True,4,24,80
4273,True,4,24,80
4274,True,4,24,80
4275,True,4,24,80
4276,True,4,24,80
4277,True,4,24,80
4278,True,4,24,80
4279,True,4,32,80
4280,True,5,32,80
4281,True,4,24,80
4282,True,4,24,80
4283,True,4,24,80
4284,True,4,24,80
4285,True,4,24,80
4286,True,4,24,80
4287,True,4,24,80
4288,True,4,24,80
4289,True,4,24,80
4290,True,4,24,80
4291,True,4,24,80
4292,True,4,24,80
4293,True,4,24,80
4294,True,4,24,80
4295,True,4,24,80
4296,True,4,24,80
4297,True,4,24,80
4298,True,4,24,80
4299,True,4,24,80
4300,True,4,24,80
4301,True,4,24,80
4302,True,4,24,80
4303,True,4,24,80
4304,True,4,24,80
4305,True,4,24,80
4306,True,5,32,80
4307,True,4,24,80
4308,True,4,24,80
4309,True,4,24,80
4310,True,4,24,80
4311,True,4,24,80
4312,True,4,24,80
4313,True,4,24,80
4314,True,4,24,80
4315,True,4,24,80
4316,True,4,24,80
4317,True,4,24,80
4318,True,4,24,80
4319,True,4,24,80
4320,True,4,24,80
4321,True,4,24,80
4322,True,4,24,80
4323,True,4,24,80
4324,True,4,32,80
4325,True,4,24,80
4326,True,3,24,80
4327,True,4,24,80
4328,True,4,24,80
4329,True,4,32,80
4330,True,4,24,80
4331,True,4,24,80
4332,True,4,24,80
4333,True,4,24,80
4334,True,3,16,80
4335,True,4,24,80
4336,True,4,24,80
4337,True,4,24,80
4338,True,4,32,80
4339,True,4,24,80
4340,True,4,24,80
4341,True,4,24,80
4342,True,4,32,80
4343,True,4,24,80
4344,True,4,24,80
4345,True,4,24,80
4346,True,4,24,80
4347,True,4,24,80
4348,True,4,24,80
4349,True,4,24,80
4350,True,3,24,80
4351,True,4,24,80
4352,True,4,24,80
4353,True,4,24,80
4354,True,4,24,80
4355,True,4,24,80
4356,True,4,24,80
4357,True,4,24,80
4358,True,4,24,80
4359,True,4,24,80
4360,True,4,24,80
4361,True,3,24,80
4362,True,4,24,80
4363,True,3,24,80
4364,True,3,24,80
4365,True,4,24,80
4366,True,4,24,80
4367,True,4,24,80
4368,True,4,24,80
4369,True,4,32,80
4370,True,4,24,80
4371,True,4,24,80
4372,True,4,24,80
4373,True,4,32,80
4374,True,4,24,80
4375,True,3,24,80
4376,True,4,24,80
4377,True,4,24,80
4378,True,4,24,80
4379,True,4,24,80
4380,True,4,24,80
4381,True,4,24,80
4382,True,4,24,80
4383,True,4,24,80
4384,True,4,24,80
4385,True,4,24,80
4386,True,4,24,80
4387,True,4,24,80
4388,True,4,24,80
4389,True,4,24,80
4390,True,4,24,80
4391,True,4,24,80
4392,True,4,24,80
4393,True,4,24,80
4394,True,4,24,80
4395,True,4,24,80
4396,True,4,24,80
4397,True,4,24,80
4398,True,4,32,80
4399,True,4,24,80
4400,True,4,24,80
4401,True,4,24,80
4402,True,4,24,80
4403,True,4,24,80
4404,True,4,24,80
4405,True,3,24,80
4406,True,3,24,80
4407,True,4,24,80
4408,True,4,24,80
4409,True,3,24,80
4410,True,4,24,80
4411,True,4,24,80
4412,True,4,32,80
4413,True,4,24,80
4414,True,4,24,80
4415,True,4,24,80
4416,True,4,24,80
4417,True,3,16,80
4418,True,4,24,80
4419,True,4,24,80
4420,True,4,24,80
4421,True,4,24,80
4422,True,4,24,80
4423,True,3,16,80
4424,True,4,32,80
4425,True,4,24,80
4426,True,4,24,80
4427,True,4,24,80
4428,True,4,24,80
4429,True,4,24,80
4430,True,4,24,80
4431,True,5,32,80
4432,True,3,24,80
4433,True,4,24,80
4434,True,4,24,80
4435,True,4,24,80
4436,True,4,24,80
4437,True,4,24,80
4438,True,4,24,80
4439,True,4,24,80
4440,True,4,24,80
4441,True,4,24,80
4442,True,4,24,80
4443,True,4,24,80
4444,True,4,24,80
4445,True,3,16,80
4446,True,4,24,80
4447,True,4,24,80
4448,True,4,24,80
4449,True,4,24,80
4450,True,4,24,80
4451,True,4,24,80
4452,True,4,24,80
4453,True,4,24,80
4454,True,4,24,80
4455,True,4,24,80
4456,True,4,24,80
4457,True,4,24,80
4458,True,4,24,80
4459,True,4,24,80
4460,True,4,24,80
4461,True,4,24,80
4462,True,4,24,80
4463,True,4,24,80
4464,True,4,24,80
4465,True,4,24,80
4466,True,4,24,80
4467,True,4,32,80
4468,True,4,24,80
4469,True,4,24,80
4470,True,3,24,80
4471,True,4,32,80
4472,True,4,24,80
4473,True,4,24,80
4474,True,4,24,80
4475,True,4,24,80
4476,True,4,24,80
4477,True,4,24,80
4478,True,4,24,80
4479,True,4,24,80
4480,True,4,24,80
4481,True,4,24,80
4482,True,3,24,80
4483,True,4,24,80
4484,True,4,24,80
4485,True,4,24,80
4486,True,3,16,80
4487,True,4,24,80
4488,True,4,24,80
4489,True,3,24,80
4490,True,4,24,80
4491,True,4,24,80
4492,True,4,24,80
4493,True,4,24,80
4494,True,4,24,80
4495,True,3,24,80
4496,True,4,24,80
4497,True,3,24,80
4498,True,4,24,80
4499,True,4,24,80
4500,True,4,24,80
4501,True,4,24,80
4502,True,4,32,80
4503,True,4,24,80
4504,True,4,24,80
4505,True,4,24,80
4506,True,5,32,80
4507,True,4,24,80
4508,True,4,24,80
4509,True,4,24,80
4510,True,3,24,80
4511,True,4,24,80
4512,True,4,24,80
4513,True,4,24,80
4514,True,4,24,80
4515,True,4,24,80
4516,True,4,24,80
4517,True,4,24,80
4518,True,4,24,80
4519,True,4,32,80
4520,True,4,24,80
4521,True,4,24,80
4522,True,4,24,80
4523,True,4,24,80
4524,True,5,32,80
4525,True,4,24,80
4526,True,4,24,80
4527,True,4,24,80
4528,True,3,24,80
4529,True,4,24,80
4530,True,4,24,80
4531,True,4,24,80
4532,True,5,32,80
4533,True,4,24,80
4534,True,4,24,80
4535,True,4,24,80
4536,True,4,24,80
4537,True,4,24,80
4538,True,4,24,80
4539,True,4,24,80
4540,True,3,24,80
4541,True,4,24,80
4542,True,4,24,80
4543,True,4,32,80
4544,True,4,24,80
4545,True,4,24,80
4546,True,4,24,80
4547,True,3,16,80
4548,True,3,24,80
4549,True,4,24,80
4550,True,4,24,80
4551,True,4,24,80
4552,True,3,24,80
4553,True,4,24,80
4554,True,4,24,80
4555,True,4,24,80
4556,True,4,24,80
4557,True,4,24,80
4558,True,4,32,80
4559,True,4,24,80
4560,True,3,24,80
4561,True,4,24,80
4562,True,4,24,80
4563,True,4,24,80
4564,True,3,24,80
4565,True,3,24,80
4566,True,4,24,80
4567,True,4,24,80
4568,True,4,32,80
4569,True,4,24,80
4570,True,4,24,80
4571,True,4,24,80
4572,True,4,24,80
4573,True,3,24,80
4574,True,4,32,80
4575,True,4,24,80
4576,True,4,24,80
4577,True,5,32,80
4578,True,4,24,80
4579,True,4,24,80
4580,True,4,24,80
4581,True,4,24,80
4582,True,4,24,80
4583,True,4,24,80
4584,True,4,24,80
4585,True,4,24,80
4586,True,4,24,80
4587,True,4,24,80
4588,True,4,24,80
4589,True,4,24,80
4590,True,4,32,80
4591,True,4,24,80
4592,True,4,24,80
4593,True,4,24,80
4594,True,4,24,80
4595,True,3,24,80
4596,True,4,24,80
4597,True,4,24,80
4598,True,3,24,80
4599,True,4,24,80
4600,True,4,24,80
4601,True,4,24,80
4602,True,4,24,80
4603,True,3,24,80
4604,True,3,16,80
4605,True,4,24,80
4606,True,4,24,80
4607,True,4,32,80
4608,True,4,32,80
4609,True,4,24,80
4610,True,4,24,80
4611,True,4,24,80
4612,True,4,24,80
4613,True,4,24,80
4614,True,5,32,80
4615,True,4,24,80
4616,True,4,24,80
4617,True,5,32,80
4618,True,4,24,80
4619,True,4,24,80
4620,True,3,16,80
4621,True,4,24,80
4622,True,5,32,80
4623,True,4,24,80
4624,True,4,24,80
4625,True,4,32,80
4626,True,3,16,80
4627,True,4,24,80
4628,True,4,24,80
4629,True,4,24,80
4630,True,4,24,80
4631,True,4,24,80
4632,True,4,32,80
4633,True,4,24,80
4634,True,4,24,80
4635,True,4,24,80
4636,True,4,24,80
4637,True,4,24,80
4638,True,4,24,80
4639,True,4,24,80
4640,True,4,24,80
4641,True,4,24,80
4642,True,3,24,80
4643,True,3,24,80
4644,True,4,24,80
4645,True,4,24,80
4646,True,4,24,80
4647,True,4,32,80
4648,True,4,24,80
4649,True,4,24,80
4650,True,4,24,80
4651,True,4,24,80
4652,True,4,24,80
4653,True,4,24,80
4654,True,4,24,80
4655,True,4,24,80
4656,True,3,24,80
4657,True,4,32,80
4658,True,3,24,80
4659,True,4,24,80
4660,True,4,24,80
4661,True,4,24,80
4662,True,4,24,80
4663,True,4,24,80
4664,True,4,24,80
4665,True,4,24,80
4666,True,4,32,80
4667,True,4,24,80
4668,True,4,24,80
4669,True,4,24,80
4670,True,4,24,80
4671,True,4,24,80
4672,True,4,24,80
4673,True,4,32,80
4674,True,4,24,80
4675,True,4,24,80
4676,True,4,24,80
4677,True,4,24,80
4678,True,4,24,80
4679,True,4,24,80
4680,True,4,24,80
4681,True,4,24,80
4682,True,3,24,80
4683,True,3,16,80
4684,True,4,24,80
4685,True,4,32,80
4686,True,4,24,80
4687,True,4,32,80
4688,True,4,24,80
4689,True,4,24,80
4690,True,4,24,80
4691,True,4,24,80
4692,True,5,32,80
4693,True,4,24,80
4694,True,3,24,80
4695,True,4,24,80
4696,True,4,24,80
4697,True,4,24,80
4698,True,4,24,80
4699,True,3,24,80
4700,True,3,24,80
4701,True,4,24,80
4702,True,4,24,80
4703,True,4,24,80
4704,True,4,24,80
4705,True,4,24,80
4706,True,4,24,80
4707,True,4,24,80
4708,True,3,24,80
4709,True,4,24,80
4710,True,4,24,80
4711,True,4,24,80
4712,True,4,24,80
4713,True,4,24,80
4714,True,4,24,80
4715,True,4,24,80
4716,True,4,24,80
4717,True,4,24,80
4718,True,4,24,80
4719,True,4,24,80
4720,True,4,24,80
4721,True,4,24,80
4722,True,4,24,80
4723,True,4,24,80
4724,True,4,24,80
4725,True,4,24,80
4726,True,4,24,80
4727,True,4,24,80
4728,True,4,24,80
4729,True,4,24,80
4730,True,4,24,80
4731,True,4,24,80
4732,True,5,32,80
4733,True,4,24,80
4734,True,4,24,80
4735,True,4,24,80
4736,True,4,24,80
4737,True,4,24,80
4738,True,3,16,80
4739,True,3,24,80
4740,True,4,24,80
4741,True,4,24,80
4742,True,4,24,80
4743,True,4,24,80
4744,True,4,24,80
4745,True,4,24,80
4746,True,4,24,80
4747,True,4,24,80
4748,True,4,24,80
4749,True,4,24,80
4750,True,4,24,80
4751,True,4,24,80
4752,True,4,32,80
4753,True,4,24,80
4754,True,4,24,80
4755,True,4,24,80
4756,True,4,24,80
4757,True,4,24,80
4758,True,4,24,80
4759,True,3,24,80
4760,True,4,24,80
4761,True,4,24,80
4762,True,3,16,80
4763,True,4,24,80
4764,True,4,24,80
4765,True,4,24,80
4766,True,4,24,80
4767,True,4,24,80
4768,True,4,24,80
4769,True,4,24,80
4770,True,4,24,80
4771,True,4,24,80
4772,True,4,24,80
4773,True,4,24,80
4774,True,4,24,80
4775,True,4,24,80
4776,True,4,24,80
4777,True,4,24,80
4778,True,4,24,80
4779,True,4,24,80
4780,True,4,24,80
4781,True,4,32,80
4782,True,3,24,80
4783,True,4,24,80
4784,True,4,32,80
4785,True,4,24,80
4786,True,4,24,80
4787,True,4,24,80
4788,True,4,24,80
4789,True,3,24,80
4790,True,4,24,80
4791,True,4,24,80
4792,True,4,24,80
4793,True,4,24,80
4794,True,4,24,80
4795,True,4,24,80
4796,True,4,24,80
4797,True,4,24,80
4798,True,4,24,80
4799,True,4,24,80
4800,True,4,24,80
4801,True,4,24,80
4802,True,4,24,80
4803,True,4,24,80
4804,True,4,24,80
4805,True,4,24,80
4806,True,4,24,80
4807,True,4,24,80
4808,True,4,24,80
4809,True,4,24,80
4810,True,4,24,80
4811,True,4,24,80
4812,True,4,24,80
4813,True,4,24,80
4814,True,4,24,80
4815,True,4,24,80
4816,True,4,24,80
4817,True,4,24,80
4818,True,4,24,80
4819,True,4,24,80
4820,True,4,24,80
4821,True,4,24,80
4822,True,4,24,80
4823,True,3,24,80
4824,True,3,24,80
4825,True,4,24,80
4826,True,4,24,80
4827,True,4,24,80
4828,True,4,24,80
4829,True,4,24,80
4830,True,4,24,80
4831,True,4,24,80
4832,True,4,24,80
4833,True,5,32,80
4834,True,4,24,80
4835,True,3,24,80
4836,True,4,24,80
4837,True,4,24,80
4838,True,4,24,80
4839,True,3,24,80
4840,True,3,24,80
4841,True,5,32,80
4842,True,4,24,80
4843,True,4,24,80
4844,True,4,24,80
4845,True,3,24,80
4846,True,4,24,80
4847,True,4,24,80
4848,True,4,24,80
4849,True,4,24,80
4850,True,4,24,80
4851,True,4,24,80
4852,True,4,24,80
4853,True,4,24,80
4854,True,4,24,80
4855,True,4,24,80
4856,True,4,24,80
4857,True,4,24,80
4858,True,4,24,80
4859,True,4,24,80
4860,True,4,24,80
4861,True,4,24,80
4862,True,4,24,80
4863,True,4,24,80
4864,True,4,24,80
4865,True,3,16,80
4866,True,4,24,80
4867,True,4,24,80
4868,True,4,24,80
4869,True,4,24,80
4870,True,4,24,80
4871,True,4,24,80
4872,True,5,32,80
4873,True,4,24,80
4874,True,4,24,80
4875,True,4,24,80
4876,True,4,24,80
4877,True,4,24,80
4878,True,4,32,80
4879,True,4,24,80
4880,True,3,24,80
4881,True,4,24,80
4882,True,4,24,80
4883,True,4,24,80
4884,True,4,24,80
4885,True,4,24,80
4886,True,4,24,80
4887,True,4,24,80
4888,True,4,24,80
4889,True,4,32,80
4890,True,4,32,80
4891,True,4,24,80
4892,True,3,24,80
4893,True,4,24,80
4894,True,3,24,80
4895,True,4,24,80
4896,True,4,24,80
4897,True,4,24,80
4898,True,4,24,80
4899,True,4,24,80
4900,True,3,24,80
4901,True,4,24,80
4902,True,4,24,80
4903,True,3,16,80
4904,True,4,24,80
4905,True,3,24,80
4906,True,4,24,80
4907,True,4,24,80
4908,True,4,24,80
4909,True,4,24,80
4910,True,4,24,80
4911,True,4,24,80
4912,True,4,24,80
4913,True,4,24,80
4914,True,3,24,80
4915,True,4,24,80
4916,True,4,24,80
4917,True,4,24,80
4918,True,4,24,80
4919,True,4,24,80
4920,True,4,24,80
4921,True,4,24,80
4922,True,4,24,80
4923,True,4,24,80
4924,True,4,24,80
4925,True,4,24,80
4926,True,4,24,80
4927,True,4,32,80
4928,True,4,24,80
4929,True,4,24,80
4930,True,4,24,80
4931,True,4,24,80
4932,True,4,24,80
4933,True,4,24,80
4934,True,4,24,80
4935,True,4,24,80
4936,True,4,24,80
4937,True,4,24,80
4938,True,3,24,80
4939,True,3,24,80
4940,True,4,24,80
4941,True,4,24,80
4942,True,4,24,80
4943,True,4,24,80
4944,True,4,24,80
4945,True,4,24,80
4946,True,3,24,80
4947,True,4,24,80
4948,True,4,24,80
4949,True,4,24,80
4950,True,3,24,80
4951,True,4,24,80
4952,True,4,24,80
4953,True,4,24,80
4954,True,4,24,80
4955,True,4,24,80
4956,True,4,24,80
4957,True,3,24,80
4958,True,4,32,80
4959,True,4,24,80
4960,True,4,24,80
4961,True,4,24,80
4962,True,4,24,80
4963,True,4,24,80
4964,True,4,24,80
4965,True,4,24,80
4966,True,4,24,80
4967,True,4,24,80
4968,True,4,24,80
4969,True,4,24,80
4970,True,4,24,80
4971,True,4,24,80
4972,True,4,24,80
4973,True,4,24,80
4974,True,4,24,80
4975,True,3,24,80
4976,True,4,24,80
4977,True,4,32,80
4978,True,4,24,80
4979,True,4,24,80
4980,True,4,24,80
4981,True,4,24,80
4982,True,4,32,80
4983,True,4,24,80
4984,True,4,24,80
4985,True,4,24,80
4986,True,4,32,80
4987,True,3,24,80
4988,True,4,24,80
4989,True,4,24,80
4990,True,4,32,80
4991,True,4,24,80
4992,True,4,24,80
4993,True,4,24,80
4994,True,3,24,80
4995,True,4,24,80
4996,True,4,24,80
4997,True,4,24,80
4998,True,4,24,80
4999,True,4,24,80
5000,True,4,24,80
